cod_mun,disease,data_projecao,taxa_predita,limite_inferior,limite_superior
3500105,hanseniase,2030-06-01,0.1897738110590659,0.0,1.0674593928145517
3500105,hanseniase,2035-06-01,0.2104125361350845,0.0,1.1329904004464342
3500204,hanseniase,2030-06-01,0.0842092383280391,0.0,3.582451294589305
3500204,hanseniase,2035-06-01,0.0367150117133896,0.0,3.414493920879341
3500303,hanseniase,2030-06-01,0.0,0.0,0.7065997002099653
3500303,hanseniase,2035-06-01,0.0,0.0,0.652050871912785
3500402,hanseniase,2030-06-01,0.1302999694969789,0.0,30.369129094086837
3500402,hanseniase,2035-06-01,0.2093778495637068,0.0,77.05211204894243
3500501,hanseniase,2030-06-01,0.0,0.0,0.3548734536600281
3500501,hanseniase,2035-06-01,0.0,0.0,0.3613043204865551
3500550,hanseniase,2030-06-01,0.0,0.0,1.2195690967812671
3500550,hanseniase,2035-06-01,0.0,0.0,1.2021456594684186
3500600,hanseniase,2030-06-01,0.0,0.0,6.110472392206549e-09
3500600,hanseniase,2035-06-01,0.0,0.0,1.4476824930460456e-08
3500709,hanseniase,2030-06-01,0.4572649999667014,0.0,1.341479994253186
3500709,hanseniase,2035-06-01,0.5384466955637947,0.0,1.4038853199517138
3500758,hanseniase,2030-06-01,0.0,0.0,6.6803459359173555e-09
3500758,hanseniase,2035-06-01,0.0,0.0,1.55107640554838e-08
3500808,hanseniase,2030-06-01,0.0,0.0,6.279515159726545e-09
3500808,hanseniase,2035-06-01,0.0,0.0,1.4993817135055876e-08
3500907,hanseniase,2030-06-01,0.0,0.0,6.3053049972913934e-09
3500907,hanseniase,2035-06-01,0.0,0.0,1.5586099506201732e-08
3501004,hanseniase,2030-06-01,0.0,0.0,0.8338731905657646
3501004,hanseniase,2035-06-01,0.0,0.0,0.7217600659260843
3501103,hanseniase,2030-06-01,0.0,0.0,6.853694530466232e-09
3501103,hanseniase,2035-06-01,0.0,0.0,1.576276206479409e-08
3501152,hanseniase,2030-06-01,0.0,0.0,0.9119967007862584
3501152,hanseniase,2035-06-01,0.0,0.0,0.8493269166674172
3501202,hanseniase,2030-06-01,0.0,0.0,1.8273964809224923
3501202,hanseniase,2035-06-01,0.0,0.0,1.891632162124596
3501301,hanseniase,2030-06-01,0.0,0.0,0.2537732414118048
3501301,hanseniase,2035-06-01,0.0,0.0,0.2620247614157387
3501400,hanseniase,2030-06-01,0.0,0.0,6.908976134721581e-09
3501400,hanseniase,2035-06-01,0.0,0.0,1.58748772201983e-08
3501509,hanseniase,2030-06-01,0.0,0.0,2.1783545804895934
3501509,hanseniase,2035-06-01,0.0,0.0,2.120229306661077
3501608,hanseniase,2030-06-01,0.0,0.0,0.123357385207553
3501608,hanseniase,2035-06-01,0.0,0.0,0.1146367536781419
3501707,hanseniase,2030-06-01,0.0013401378985673,0.0,0.7586077422287423
3501707,hanseniase,2035-06-01,0.0,0.0,0.6814233670249288
3501806,hanseniase,2030-06-01,0.0,0.0,1.228289477167711
3501806,hanseniase,2035-06-01,0.0,0.0,1.2040312384891625
3501905,hanseniase,2030-06-01,0.0,0.0,0.004774619260788
3501905,hanseniase,2035-06-01,0.0,0.0,0.0
3502002,hanseniase,2030-06-01,0.0,0.0,6.4481613308482685e-09
3502002,hanseniase,2035-06-01,0.0,0.0,1.520354146502214e-08
3502101,hanseniase,2030-06-01,0.1074349514575299,0.0,1.1935438673606376
3502101,hanseniase,2035-06-01,0.1566982884060832,0.0,2.6272135689584304
3502200,hanseniase,2030-06-01,0.0,0.0,6.7973858090193385e-09
3502200,hanseniase,2035-06-01,0.0,0.0,1.5563567682839624e-08
3502309,hanseniase,2030-06-01,0.0042576676063669,0.0,1.1529514947724149
3502309,hanseniase,2035-06-01,0.0,0.0,1.1105428096815044
3502408,hanseniase,2030-06-01,0.0,0.0,6.499370952912776e-09
3502408,hanseniase,2035-06-01,0.0,0.0,1.5350453832041523e-08
3502507,hanseniase,2030-06-01,0.0,0.0,0.2986136793228268
3502507,hanseniase,2035-06-01,0.0,0.0,0.291280075971629
3502606,hanseniase,2030-06-01,0.0,0.0,3.948172428976765
3502606,hanseniase,2035-06-01,0.0,0.0,8.89465999531765
3502705,hanseniase,2030-06-01,0.0,0.0,0.0
3502705,hanseniase,2035-06-01,0.0,0.0,0.0
3502754,hanseniase,2030-06-01,0.0,0.0,0.5409332721594623
3502754,hanseniase,2035-06-01,0.0,0.0,0.4855936792912692
3502804,hanseniase,2030-06-01,0.0566971816958095,0.0,0.2815289817134106
3502804,hanseniase,2035-06-01,0.058449447953907,0.0,0.2906162768036716
3502903,hanseniase,2030-06-01,0.1405479171299713,0.0,0.9858748660963208
3502903,hanseniase,2035-06-01,0.1289314205886023,0.0,0.9324772879975152
3503000,hanseniase,2030-06-01,0.0,0.0,1.273127334045226
3503000,hanseniase,2035-06-01,0.0,0.0,1.304587436699131
3503109,hanseniase,2030-06-01,0.0,0.0,6.282823160031805e-09
3503109,hanseniase,2035-06-01,0.0,0.0,1.5487247276396318e-08
3503158,hanseniase,2030-06-01,0.0,0.0,7.302077241602513e-09
3503158,hanseniase,2035-06-01,0.0,0.0,1.6390602979881115e-08
3503208,hanseniase,2030-06-01,0.0986148296306887,0.0,0.3186349995318038
3503208,hanseniase,2035-06-01,0.113655187686728,0.0,0.3144178339150559
3503307,hanseniase,2030-06-01,0.0,0.0,0.2925494723512134
3503307,hanseniase,2035-06-01,0.0,0.0,0.2394097298209459
3503356,hanseniase,2030-06-01,0.7061015534021398,0.0,4.556992363205541
3503356,hanseniase,2035-06-01,0.8419833555898237,0.0,4.843021638596942
3503406,hanseniase,2030-06-01,0.0322052786253166,0.0,1.3641523131288522
3503406,hanseniase,2035-06-01,0.0179488372316148,0.0,1.3498078347911258
3503505,hanseniase,2030-06-01,0.0,0.0,6.1823736651807945e-09
3503505,hanseniase,2035-06-01,0.0,0.0,1.5263023328055655e-08
3503604,hanseniase,2030-06-01,0.0,0.0,0.8251026494872746
3503604,hanseniase,2035-06-01,0.0,0.0,0.7924663861174532
3503703,hanseniase,2030-06-01,0.0,0.0,1.7866903208498113
3503703,hanseniase,2035-06-01,0.0,0.0,1.3674638741096647
3503802,hanseniase,2030-06-01,0.0860238511499537,0.0,0.5530765176294672
3503802,hanseniase,2035-06-01,0.0956364692241676,0.0,0.558461668786545
3503901,hanseniase,2030-06-01,0.0,0.0,0.1442091568809901
3503901,hanseniase,2035-06-01,0.0,0.0,0.1076890139321324
3503950,hanseniase,2030-06-01,0.0,0.0,6.94355436880948e-09
3503950,hanseniase,2035-06-01,0.0,0.0,1.5693920716802594e-08
3504008,hanseniase,2030-06-01,0.0,0.0,0.1974092576525681
3504008,hanseniase,2035-06-01,0.0,0.0,0.179552465408216
3504107,hanseniase,2030-06-01,0.0178141241923334,0.0,0.1941389086990859
3504107,hanseniase,2035-06-01,0.0167632594417492,0.0,0.1765020681331703
3504206,hanseniase,2030-06-01,0.0,0.0,1.536333721461668
3504206,hanseniase,2035-06-01,0.0,0.0,1.51838678669627
3504305,hanseniase,2030-06-01,0.0215891661902478,0.0,2.233165181751391
3504305,hanseniase,2035-06-01,0.0,0.0,2.292373251492809
3504404,hanseniase,2030-06-01,0.0109615825572162,0.0,1.0827543628406673
3504404,hanseniase,2035-06-01,0.0132908152335477,0.0,1.0791700092586038
3504503,hanseniase,2030-06-01,0.0135674512613733,0.0,0.151832695350047
3504503,hanseniase,2035-06-01,0.0140492114639474,0.0,0.1518712633202499
3504602,hanseniase,2030-06-01,0.0044862450462426,0.0,37.25507354012684
3504602,hanseniase,2035-06-01,0.0064000365962994,0.0,90.00689086614096
3504701,hanseniase,2030-06-01,0.0,0.0,6.8254908489010525e-09
3504701,hanseniase,2035-06-01,0.0,0.0,1.6804493304819938e-08
3504800,hanseniase,2030-06-01,0.0,0.0,1.2795672857489826
3504800,hanseniase,2035-06-01,0.0,0.0,1.1605521057453376
3504909,hanseniase,2030-06-01,0.0,0.0,0.8751381925497759
3504909,hanseniase,2035-06-01,0.0,0.0,0.8898655850868717
3505005,hanseniase,2030-06-01,0.0,0.0,6.6375858356632435e-09
3505005,hanseniase,2035-06-01,0.0,0.0,1.4797456919042145e-08
3505104,hanseniase,2030-06-01,0.0,0.0,1.011707637689626
3505104,hanseniase,2035-06-01,0.0,0.0,0.9721310248539994
3505203,hanseniase,2030-06-01,0.0230960565221866,0.0,0.4017419741759876
3505203,hanseniase,2035-06-01,0.0208122354596575,0.0,0.3918881193089833
3505302,hanseniase,2030-06-01,0.0199531244070434,0.0,0.5695203040940346
3505302,hanseniase,2035-06-01,0.0429377435253032,0.0,0.6138959249196934
3505351,hanseniase,2030-06-01,0.0,0.0,6.593675152376874e-09
3505351,hanseniase,2035-06-01,0.0,0.0,1.529059069320597e-08
3505401,hanseniase,2030-06-01,0.0001952791755386,0.0,2.606137319540881
3505401,hanseniase,2035-06-01,0.0002993431717381,0.0,6.208009108813922
3505500,hanseniase,2030-06-01,0.1378967062599495,0.0,0.498399609714778
3505500,hanseniase,2035-06-01,0.1961934735794652,0.0,0.6237413924112234
3505609,hanseniase,2030-06-01,1.5372007340972969,0.4610245831502487,2.6490829881122115
3505609,hanseniase,2035-06-01,1.981046428566796,0.8227281487875729,3.10369109201671
3505708,hanseniase,2030-06-01,0.0,0.0,0.1757363713505937
3505708,hanseniase,2035-06-01,0.0,0.0,0.1374870930605176
3505807,hanseniase,2030-06-01,0.0,0.0,1.1091242766287384
3505807,hanseniase,2035-06-01,0.0,0.0,1.1355178921622902
3505906,hanseniase,2030-06-01,0.0,0.0,0.3474031201984974
3505906,hanseniase,2035-06-01,0.0,0.0,0.3027703181884229
3506003,hanseniase,2030-06-01,0.0,0.0,1.655468461496261
3506003,hanseniase,2035-06-01,0.0,0.0,2.499892164330302
3506102,hanseniase,2030-06-01,0.0206995243770573,0.0,0.4295388791783746
3506102,hanseniase,2035-06-01,0.0111101763331133,0.0,0.4110157881780656
3506201,hanseniase,2030-06-01,0.0,0.0,3.718526985193496
3506201,hanseniase,2035-06-01,0.0,0.0,3.713716276739558
3506300,hanseniase,2030-06-01,0.0,0.0,1.165413002294893
3506300,hanseniase,2035-06-01,0.0,0.0,0.5760681581904956
3506359,hanseniase,2030-06-01,0.0906205471452921,0.0,0.6166755286523155
3506359,hanseniase,2035-06-01,0.1017395298750402,0.0,0.6322600628297453
3506409,hanseniase,2030-06-01,0.3417893912361486,0.0,1.7339373523139583
3506409,hanseniase,2035-06-01,0.4098559497813804,0.0,1.719048041763393
3506508,hanseniase,2030-06-01,0.1511102448476453,0.0,0.655932331078668
3506508,hanseniase,2035-06-01,0.2113613645795759,0.0,0.7174644987699396
3506607,hanseniase,2030-06-01,0.0445868418516009,0.0,0.2696587548849004
3506607,hanseniase,2035-06-01,0.0537898149128677,0.0,0.2719712733289615
3506706,hanseniase,2030-06-01,0.0,0.0,1.9589144715239024
3506706,hanseniase,2035-06-01,0.0,0.0,1.8766460595426215
3506805,hanseniase,2030-06-01,0.0,0.0,1.6442160149262164
3506805,hanseniase,2035-06-01,0.0,0.0,1.4944269937928278
3506904,hanseniase,2030-06-01,0.0,0.0,1.305060393723545
3506904,hanseniase,2035-06-01,0.0,0.0,1.3796100504580389
3507001,hanseniase,2030-06-01,0.0,0.0,0.3766621053533704
3507001,hanseniase,2035-06-01,0.0,0.0,0.3629681518843898
3507100,hanseniase,2030-06-01,0.009525909033191,0.0,0.6011265213782508
3507100,hanseniase,2035-06-01,0.0023313122537077,0.0,0.6194270878282173
3507159,hanseniase,2030-06-01,0.2236018570097549,0.0,1.9959902328457544
3507159,hanseniase,2035-06-01,0.2560706629188642,0.0,2.080267173463409
3507209,hanseniase,2030-06-01,0.0,0.0,6.861975176824774e-09
3507209,hanseniase,2035-06-01,0.0,0.0,1.6239755113333796e-08
3507308,hanseniase,2030-06-01,0.0,0.0,1.5215116530166235
3507308,hanseniase,2035-06-01,0.0,0.0,1.3527704786297865
3507407,hanseniase,2030-06-01,0.0,0.0,0.5293681606472239
3507407,hanseniase,2035-06-01,0.0,0.0,0.521115316537384
3507456,hanseniase,2030-06-01,0.0,0.0,4.6107866420053
3507456,hanseniase,2035-06-01,0.0,0.0,4.282009127937472
3507506,hanseniase,2030-06-01,0.0,0.0,0.2696577520925902
3507506,hanseniase,2035-06-01,0.0,0.0,0.1810049072706077
3507605,hanseniase,2030-06-01,0.0288513359676985,0.0,0.2301481332517607
3507605,hanseniase,2035-06-01,0.0426635686486451,0.0,0.3906554641455023
3507704,hanseniase,2030-06-01,0.0,0.0,6.460328880226147e-09
3507704,hanseniase,2035-06-01,0.0,0.0,1.5107155982540677e-08
3507753,hanseniase,2030-06-01,0.0001321357328282,0.0,8.628873960800107
3507753,hanseniase,2035-06-01,0.0001971071626383,0.0,18.35427523419949
3507803,hanseniase,2030-06-01,0.0,0.0,5.189318439698835
3507803,hanseniase,2035-06-01,0.0,0.0,12.418858833604691
3507902,hanseniase,2030-06-01,0.0,0.0,0.7031781965359684
3507902,hanseniase,2035-06-01,0.0,0.0,0.6620800515847871
3508009,hanseniase,2030-06-01,0.0,0.0,1.053481142868193
3508009,hanseniase,2035-06-01,0.0,0.0,1.1138544096168923
3508108,hanseniase,2030-06-01,0.0263438450590558,0.0,0.8328349920830947
3508108,hanseniase,2035-06-01,0.0158003221445382,0.0,0.8313221396314474
3508207,hanseniase,2030-06-01,1.0390106147700893,0.0,4.176533756761371
3508207,hanseniase,2035-06-01,1.2291424682023553,0.0,4.444542496931255
3508306,hanseniase,2030-06-01,0.0,0.0,6.6951910556720795e-09
3508306,hanseniase,2035-06-01,0.0,0.0,1.6118530374858364e-08
3508405,hanseniase,2030-06-01,0.0,0.0,0.4337649898921529
3508405,hanseniase,2035-06-01,0.0,0.0,0.3176767432291212
3508504,hanseniase,2030-06-01,0.0,0.0,0.180842465702037
3508504,hanseniase,2035-06-01,0.0,0.0,0.1777798098911103
3508603,hanseniase,2030-06-01,0.0,0.0,0.3843725490050411
3508603,hanseniase,2035-06-01,0.0,0.0,0.382889967028386
3508702,hanseniase,2030-06-01,0.0,0.0,1.3923946173095871
3508702,hanseniase,2035-06-01,0.0,0.0,1.4426773674345217
3508801,hanseniase,2030-06-01,0.0,0.0,46.28566767790752
3508801,hanseniase,2035-06-01,0.0,0.0,115.04687919308942
3508900,hanseniase,2030-06-01,0.0,0.0,6.6669444122299025e-09
3508900,hanseniase,2035-06-01,0.0,0.0,1.5311510808047254e-08
3509007,hanseniase,2030-06-01,0.0,0.0,0.2062645143123028
3509007,hanseniase,2035-06-01,0.0,0.0,0.1839023975863683
3509106,hanseniase,2030-06-01,0.0,0.0,6.582345085479436e-09
3509106,hanseniase,2035-06-01,0.0,0.0,1.5756615859481717e-08
3509205,hanseniase,2030-06-01,0.0008816589788996,0.0,0.1435629004625031
3509205,hanseniase,2035-06-01,0.0,0.0,0.1408601759047734
3509254,hanseniase,2030-06-01,0.0,0.0,0.5791751043639073
3509254,hanseniase,2035-06-01,0.0,0.0,0.5685279872114519
3509304,hanseniase,2030-06-01,0.0002049391571576,0.0,5.1547483956526445
3509304,hanseniase,2035-06-01,0.000377953954234,0.0,12.07404786919598
3509403,hanseniase,2030-06-01,0.0960163392759454,0.0,1.3461766571682643
3509403,hanseniase,2035-06-01,0.1006098801939607,0.0,1.2540432513046844
3509452,hanseniase,2030-06-01,0.0,0.0,1.285255842994121
3509452,hanseniase,2035-06-01,0.0,0.0,1.2603003620677746
3509502,hanseniase,2030-06-01,0.0768860567148416,0.0,0.2171604405128816
3509502,hanseniase,2035-06-01,0.0885580297720328,0.0,0.2226939693244809
3509601,hanseniase,2030-06-01,0.15056696251806,0.0,0.966909476387016
3509601,hanseniase,2035-06-01,0.2354974904741938,0.0,1.0361545513504615
3509700,hanseniase,2030-06-01,0.0357505380058678,0.0,0.337004996352271
3509700,hanseniase,2035-06-01,0.0377761315097215,0.0,0.3458710626328261
3509809,hanseniase,2030-06-01,0.0,0.0,6.298687112497661e-09
3509809,hanseniase,2035-06-01,0.0,0.0,1.4884817181076009e-08
3509908,hanseniase,2030-06-01,0.0,0.0,6.476367384506832e-09
3509908,hanseniase,2035-06-01,0.0,0.0,1.4492403426313862e-08
3509957,hanseniase,2030-06-01,0.0,0.0,1.738382570949225
3509957,hanseniase,2035-06-01,0.0,0.0,1.5710620061617255
3510005,hanseniase,2030-06-01,0.0,0.0,0.929030805949318
3510005,hanseniase,2035-06-01,0.0,0.0,2.112476386972029
3510104,hanseniase,2030-06-01,0.0,0.0,6.157149228021453e-09
3510104,hanseniase,2035-06-01,0.0,0.0,1.4794352346419268e-08
3510153,hanseniase,2030-06-01,0.0,0.0,6.424360296827444e-09
3510153,hanseniase,2035-06-01,0.0,0.0,1.5465040119562234e-08
3510203,hanseniase,2030-06-01,0.0188854686112221,0.0,0.6870372784870482
3510203,hanseniase,2035-06-01,0.0260269985009184,0.0,0.8414116497339835
3510302,hanseniase,2030-06-01,0.1670268013023647,0.0,1.025104324561686
3510302,hanseniase,2035-06-01,0.2314593699672607,0.0,1.1754946449388337
3510401,hanseniase,2030-06-01,0.0,0.0,0.3013096046864428
3510401,hanseniase,2035-06-01,0.0,0.0,0.2909047734079792
3510500,hanseniase,2030-06-01,0.0,0.0,0.284808416714241
3510500,hanseniase,2035-06-01,0.0,0.0,0.2565308841811731
3510609,hanseniase,2030-06-01,0.0,0.0,0.1199990643275148
3510609,hanseniase,2035-06-01,0.0,0.0,0.1174736598061607
3510708,hanseniase,2030-06-01,0.2044666854900568,0.0,2.268364470557496
3510708,hanseniase,2035-06-01,0.1907715012064406,0.0,2.2127277569197497
3510807,hanseniase,2030-06-01,0.0085147191579901,0.0,0.8800689418138465
3510807,hanseniase,2035-06-01,0.0,0.0,0.8106755355920293
3510906,hanseniase,2030-06-01,0.0,0.0,2.2056139550075007
3510906,hanseniase,2035-06-01,0.0,0.0,2.209651228431008
3511003,hanseniase,2030-06-01,0.0,0.0,1.083781965054814
3511003,hanseniase,2035-06-01,0.0,0.0,0.5881005552911729
3511102,hanseniase,2030-06-01,0.0,0.0,0.2042296404112721
3511102,hanseniase,2035-06-01,0.0,0.0,0.1359017301278721
3511201,hanseniase,2030-06-01,0.0,0.0,2.048808487414828
3511201,hanseniase,2035-06-01,0.0,0.0,1.8510195099103923
3511300,hanseniase,2030-06-01,0.3436457499039892,0.0,1.668412557636508
3511300,hanseniase,2035-06-01,0.4057861042825021,0.0,1.7247279137549054
3511409,hanseniase,2030-06-01,0.0,0.0,0.6196208590864352
3511409,hanseniase,2035-06-01,0.0,0.0,0.5785672898498211
3511508,hanseniase,2030-06-01,0.0036763350092035,0.0,0.3250873880993464
3511508,hanseniase,2035-06-01,0.0,0.0,0.3428234066782779
3511607,hanseniase,2030-06-01,0.0,0.0,1.0131924322670909
3511607,hanseniase,2035-06-01,0.0,0.0,0.6989844139447825
3511706,hanseniase,2030-06-01,0.0001935567234588,0.0,0.7435974557103567
3511706,hanseniase,2035-06-01,0.0,0.0,1.0357430011249786
3511904,hanseniase,2030-06-01,0.0,0.0,2.744384733443487
3511904,hanseniase,2035-06-01,0.0,0.0,7.095830738388297
3512001,hanseniase,2030-06-01,0.1918176182391323,0.0,0.9810930633062056
3512001,hanseniase,2035-06-01,0.2218676480817156,0.0,1.015853076618671
3512100,hanseniase,2030-06-01,0.0,0.0,1.557293517038406
3512100,hanseniase,2035-06-01,0.0,0.0,1.4334503174079498
3512209,hanseniase,2030-06-01,0.0,0.0,0.5935242525473908
3512209,hanseniase,2035-06-01,0.0,0.0,0.5699983024276769
3512308,hanseniase,2030-06-01,0.0,0.0,0.6882718768433648
3512308,hanseniase,2035-06-01,0.0,0.0,0.7029368633388579
3512407,hanseniase,2030-06-01,0.0,0.0,0.4853907978762401
3512407,hanseniase,2035-06-01,0.0,0.0,0.4912943231052841
3512506,hanseniase,2030-06-01,0.0,0.0,6.556284245983185e-09
3512506,hanseniase,2035-06-01,0.0,0.0,1.5809467709867363e-08
3512605,hanseniase,2030-06-01,0.0,0.0,6.4255936739704065e-09
3512605,hanseniase,2035-06-01,0.0,0.0,1.554045492068544e-08
3512704,hanseniase,2030-06-01,0.0,0.0,6.584639077055685e-09
3512704,hanseniase,2035-06-01,0.0,0.0,1.5766319890390307e-08
3512803,hanseniase,2030-06-01,0.0,0.0,0.3325215148513934
3512803,hanseniase,2035-06-01,0.0,0.0,0.3284791717924065
3512902,hanseniase,2030-06-01,2.141893300310356,0.0595109723626281,4.133094210680667
3512902,hanseniase,2035-06-01,2.6541807193576137,0.7348303730733852,4.8123053223369885
3513009,hanseniase,2030-06-01,0.0148662334331542,0.0,0.2305348161712959
3513009,hanseniase,2035-06-01,0.0058726700387895,0.0,0.2393995252518922
3513108,hanseniase,2030-06-01,0.0,0.0,0.8599828696089351
3513108,hanseniase,2035-06-01,0.0,0.0,0.8150365364570828
3513207,hanseniase,2030-06-01,0.0,0.0,6.072976860962644e-09
3513207,hanseniase,2035-06-01,0.0,0.0,1.5050452445261263e-08
3513306,hanseniase,2030-06-01,0.0,0.0,6.213438282835304e-09
3513306,hanseniase,2035-06-01,0.0,0.0,1.5544234687607928e-08
3513405,hanseniase,2030-06-01,0.0,0.0,0.2939295366815459
3513405,hanseniase,2035-06-01,0.0,0.0,0.3055594605068036
3513504,hanseniase,2030-06-01,0.0,0.0,0.4218015522605832
3513504,hanseniase,2035-06-01,0.0,0.0,0.4007369034859472
3513603,hanseniase,2030-06-01,0.1496778701836036,0.0,3.5186957809598303
3513603,hanseniase,2035-06-01,0.2361608548620352,0.0,8.060361280096588
3513702,hanseniase,2030-06-01,0.0,0.0,0.4480069727744039
3513702,hanseniase,2035-06-01,0.0,0.0,0.4586684936657653
3513801,hanseniase,2030-06-01,0.0359018119307214,0.0,0.1636894473488183
3513801,hanseniase,2035-06-01,0.0370216578105876,0.0,0.1640683580557297
3513850,hanseniase,2030-06-01,0.0,0.0,6.541123455556672e-09
3513850,hanseniase,2035-06-01,0.0,0.0,1.594503147840014e-08
3513900,hanseniase,2030-06-01,0.0164552124680049,0.0,1.2758691611492037
3513900,hanseniase,2035-06-01,0.0308983548464931,0.0,1.393786691528098
3514007,hanseniase,2030-06-01,0.0,0.0,1.0617935304912114
3514007,hanseniase,2035-06-01,0.0,0.0,1.0287520114206918
3514106,hanseniase,2030-06-01,0.0540943818346528,0.0,0.6341990890207654
3514106,hanseniase,2035-06-01,0.0547413997622895,0.0,0.6476100406605825
3514205,hanseniase,2030-06-01,0.0,0.0,7.3749037766564335e-09
3514205,hanseniase,2035-06-01,0.0,0.0,1.6373871554545774e-08
3514304,hanseniase,2030-06-01,0.3112689073380277,0.0,2.143369155566404
3514304,hanseniase,2035-06-01,0.3529326563293424,0.0,2.02673604570926
3514403,hanseniase,2030-06-01,0.0,0.0,0.7269225843943202
3514403,hanseniase,2035-06-01,0.0,0.0,0.6301706377661579
3514502,hanseniase,2030-06-01,0.0,0.0,0.840690097830193
3514502,hanseniase,2035-06-01,0.0,0.0,0.7533738020447501
3514601,hanseniase,2030-06-01,0.0,0.0,1.73688944266031
3514601,hanseniase,2035-06-01,0.0,0.0,3.075179843095248
3514700,hanseniase,2030-06-01,0.0,0.0,6.688652984253008e-09
3514700,hanseniase,2035-06-01,0.0,0.0,1.6434554096506204e-08
3514809,hanseniase,2030-06-01,0.0,0.0,0.4711479076110147
3514809,hanseniase,2035-06-01,0.0,0.0,0.475907216243513
3514908,hanseniase,2030-06-01,0.0,0.0,0.6955211956082861
3514908,hanseniase,2035-06-01,0.0,0.0,0.609059702707727
3514924,hanseniase,2030-06-01,0.0,0.0,7.1946545995049795e-09
3514924,hanseniase,2035-06-01,0.0,0.0,1.7327040615779142e-08
3514957,hanseniase,2030-06-01,0.0,0.0,2.7748106076634027
3514957,hanseniase,2035-06-01,0.0,0.0,2.5568944770145663
3515004,hanseniase,2030-06-01,0.2412493540401806,0.0102610272195158,0.4830285503169426
3515004,hanseniase,2035-06-01,0.2704124244321077,0.0464978392359568,0.5054610539498705
3515103,hanseniase,2030-06-01,0.0,0.0,0.195883434896423
3515103,hanseniase,2035-06-01,0.0,0.0,0.1817739262194133
3515129,hanseniase,2030-06-01,0.0,0.0,6.9002939538688924e-09
3515129,hanseniase,2035-06-01,0.0,0.0,1.5922547958555926e-08
3515152,hanseniase,2030-06-01,1.1264610809788016,0.618954876815236,1.5575448830918834
3515152,hanseniase,2035-06-01,1.48425506608668,0.9751235157774408,1.9437311578949648
3515186,hanseniase,2030-06-01,9.64578977626432e-06,0.0,0.2402843076617924
3515186,hanseniase,2035-06-01,0.0004506119557434,0.0,0.312167274529566
3515194,hanseniase,2030-06-01,0.0,0.0,1.5946933335456337
3515194,hanseniase,2035-06-01,0.0,0.0,1.4456484392593298
3515202,hanseniase,2030-06-01,0.4724417502632914,0.0,2.915700858952918
3515202,hanseniase,2035-06-01,0.5037692357517127,0.0,3.1549389700915875
3515301,hanseniase,2030-06-01,0.0,0.0,6.741251002205378e-09
3515301,hanseniase,2035-06-01,0.0,0.0,1.6140651809834364e-08
3515350,hanseniase,2030-06-01,0.0,0.0,6.936310673260064e-09
3515350,hanseniase,2035-06-01,0.0,0.0,1.674175580967357e-08
3515400,hanseniase,2030-06-01,0.0,0.0,6.362085856422584e-09
3515400,hanseniase,2035-06-01,0.0,0.0,1.4656959936065782e-08
3515509,hanseniase,2030-06-01,0.0,0.0,0.5725422312632507
3515509,hanseniase,2035-06-01,0.0,0.0,0.0609823430127489
3515608,hanseniase,2030-06-01,0.0,0.0,1.5577553836738238
3515608,hanseniase,2035-06-01,0.0,0.0,3.3898379473849785
3515657,hanseniase,2030-06-01,0.0,0.0,0.0
3515657,hanseniase,2035-06-01,0.0,0.0,0.0
3515707,hanseniase,2030-06-01,0.0,0.0,0.1521514085861834
3515707,hanseniase,2035-06-01,0.0,0.0,0.1341837111724893
3515806,hanseniase,2030-06-01,0.0,0.0,6.684456099332546e-09
3515806,hanseniase,2035-06-01,0.0,0.0,1.4939517014940922e-08
3515905,hanseniase,2030-06-01,0.0,0.0,6.215893531128889e-09
3515905,hanseniase,2035-06-01,0.0,0.0,1.571441992651447e-08
3516002,hanseniase,2030-06-01,0.0,0.0,2.9927878257346583
3516002,hanseniase,2035-06-01,0.0,0.0,2.9964485009781114
3516101,hanseniase,2030-06-01,0.0,0.0,6.621856667238939e-09
3516101,hanseniase,2035-06-01,0.0,0.0,1.667706856737364e-08
3516200,hanseniase,2030-06-01,0.5229176599663853,0.367958464119664,0.6744002792905608
3516200,hanseniase,2035-06-01,0.6511467019180739,0.4588696409214454,0.8180330364274717
3516309,hanseniase,2030-06-01,0.043153315725174,0.0,0.2584808079094585
3516309,hanseniase,2035-06-01,0.0544767405601893,0.0,0.2821936730439987
3516408,hanseniase,2030-06-01,0.036931672987746,0.0,0.2203372231017761
3516408,hanseniase,2035-06-01,0.038963619731831,0.0,0.2210415778352877
3516507,hanseniase,2030-06-01,0.0,0.0,6.847934504535947e-09
3516507,hanseniase,2035-06-01,0.0,0.0,1.7406214180142258e-08
3516606,hanseniase,2030-06-01,0.126964995523646,0.0,1.6647500473628931
3516606,hanseniase,2035-06-01,0.1344601187027894,0.0,1.739459800429992
3516705,hanseniase,2030-06-01,0.0451851246942002,0.0,0.4335267446105875
3516705,hanseniase,2035-06-01,0.0470769915172127,0.0,0.4547985265558719
3516804,hanseniase,2030-06-01,0.0,0.0,6.6477135936425875e-09
3516804,hanseniase,2035-06-01,0.0,0.0,1.5595075105809932e-08
3516853,hanseniase,2030-06-01,0.0,0.0,2.800664183474421
3516853,hanseniase,2035-06-01,0.0,0.0,2.717940288311911
3516903,hanseniase,2030-06-01,0.0,0.0,1.0556675263671782
3516903,hanseniase,2035-06-01,0.0,0.0,1.0497519017605017
3517000,hanseniase,2030-06-01,0.0,0.0,0.9588928787742318
3517000,hanseniase,2035-06-01,0.0,0.0,0.925628727053567
3517109,hanseniase,2030-06-01,0.0,0.0,0.0
3517109,hanseniase,2035-06-01,0.0,0.0,0.0
3517208,hanseniase,2030-06-01,0.0,0.0,0.7310033829848017
3517208,hanseniase,2035-06-01,0.0,0.0,1.022556731231201
3517307,hanseniase,2030-06-01,0.0,0.0,2.3864580844955663
3517307,hanseniase,2035-06-01,0.0,0.0,2.3566381625272865
3517406,hanseniase,2030-06-01,0.0,0.0,0.647242188653773
3517406,hanseniase,2035-06-01,0.0,0.0,0.5426456347612534
3517505,hanseniase,2030-06-01,0.0286244230310708,0.0,0.6908261263558104
3517505,hanseniase,2035-06-01,0.0209309904513334,0.0,0.7525192116935494
3517604,hanseniase,2030-06-01,0.0,0.0,0.6148405305752255
3517604,hanseniase,2035-06-01,0.0,0.0,0.5363427910149853
3517703,hanseniase,2030-06-01,0.2639185374307374,0.0,2.9499059615050247
3517703,hanseniase,2035-06-01,0.3858116215468052,0.0,3.2153545299970574
3517802,hanseniase,2030-06-01,0.1474946733470586,0.0,1.5693276141428685
3517802,hanseniase,2035-06-01,0.1558273257246509,0.0,1.687292154532218
3517901,hanseniase,2030-06-01,0.0310459400705494,0.0,2.2805975176006026
3517901,hanseniase,2035-06-01,0.0330087685684817,0.0,4.529564461926395
3518008,hanseniase,2030-06-01,0.0,0.0,3.5887301785736048
3518008,hanseniase,2035-06-01,0.0,0.0,3.455103962310381
3518107,hanseniase,2030-06-01,0.0,0.0,2.818549011660737
3518107,hanseniase,2035-06-01,0.0,0.0,3.373144571634997
3518206,hanseniase,2030-06-01,0.0,0.0,0.5598561072801393
3518206,hanseniase,2035-06-01,0.0,0.0,0.4558338155340198
3518305,hanseniase,2030-06-01,0.0,0.0,7.3554221825645614e-09
3518305,hanseniase,2035-06-01,0.0,0.0,1.6961255925953112e-08
3518404,hanseniase,2030-06-01,0.00102053252593,0.0,0.2523155102302816
3518404,hanseniase,2035-06-01,0.0019181494714766,0.0,0.27328773531422
3518503,hanseniase,2030-06-01,0.001808956637388,0.0,0.4515783603947985
3518503,hanseniase,2035-06-01,0.0,0.0,0.4170952004568325
3518602,hanseniase,2030-06-01,0.1635351528211851,0.0,1.078578974968353
3518602,hanseniase,2035-06-01,0.231646015568024,0.0,1.9641653842665032
3518701,hanseniase,2030-06-01,0.0,0.0,0.0
3518701,hanseniase,2035-06-01,0.0,0.0,0.0
3518800,hanseniase,2030-06-01,0.0242120614895394,0.0,0.1318240358625969
3518800,hanseniase,2035-06-01,0.0124498353869471,0.0,0.1297290052614182
3518859,hanseniase,2030-06-01,0.0,0.0,3.245228452905374
3518859,hanseniase,2035-06-01,0.0,0.0,2.72728795445968
3518909,hanseniase,2030-06-01,0.0022378898980123,0.0,5.595295609474702
3518909,hanseniase,2035-06-01,0.0036403262156564,0.0,13.588950736013222
3519006,hanseniase,2030-06-01,0.0,0.0,0.823704182555655
3519006,hanseniase,2035-06-01,0.0,0.0,0.7969170469529241
3519055,hanseniase,2030-06-01,0.0,0.0,1.1487111874248812
3519055,hanseniase,2035-06-01,0.0,0.0,1.0375061941779888
3519071,hanseniase,2030-06-01,0.019108740744093,0.0,0.2708310259546492
3519071,hanseniase,2035-06-01,0.0169893978020312,0.0,0.2555927743537379
3519105,hanseniase,2030-06-01,0.0,0.0,6.3639571186918445e-09
3519105,hanseniase,2035-06-01,0.0,0.0,1.4119067890245773e-08
3519204,hanseniase,2030-06-01,0.1789603062548707,0.0,1.2937783350554857
3519204,hanseniase,2035-06-01,0.2119557469557403,0.0,1.4426760222184136
3519253,hanseniase,2030-06-01,0.0,0.0,1.8966627517341976
3519253,hanseniase,2035-06-01,0.0,0.0,2.067389153079568
3519303,hanseniase,2030-06-01,0.0104382633001806,0.0,0.4928501234711599
3519303,hanseniase,2035-06-01,0.0016936234894905,0.0,0.4392746893965699
3519402,hanseniase,2030-06-01,0.0,0.0,0.8520252905027083
3519402,hanseniase,2035-06-01,0.0,0.0,0.9641420829756512
3519501,hanseniase,2030-06-01,0.1742746588021813,0.0,1.874670919546
3519501,hanseniase,2035-06-01,0.1953852786814012,0.0,2.0170457782455005
3519600,hanseniase,2030-06-01,0.0259234504616601,0.0,0.6247999091041022
3519600,hanseniase,2035-06-01,0.0459538877903291,0.0,0.6105915988762338
3519709,hanseniase,2030-06-01,0.0,0.0,0.1953080408985734
3519709,hanseniase,2035-06-01,0.0,0.0,0.065153951878903
3519808,hanseniase,2030-06-01,0.0,0.0,0.0
3519808,hanseniase,2035-06-01,0.0,0.0,0.0
3519907,hanseniase,2030-06-01,0.0,0.0,6.592333770106775e-09
3519907,hanseniase,2035-06-01,0.0,0.0,1.485487142018585e-08
3520004,hanseniase,2030-06-01,0.0,0.0,0.6611860560544167
3520004,hanseniase,2035-06-01,0.0,0.0,0.6799619261731812
3520103,hanseniase,2030-06-01,0.1357374294170906,0.0,0.8988439951645727
3520103,hanseniase,2035-06-01,0.1755909110622126,0.0,0.9940930356736992
3520202,hanseniase,2030-06-01,0.0,0.0,0.752851572566822
3520202,hanseniase,2035-06-01,0.0,0.0,0.6522806592993453
3520301,hanseniase,2030-06-01,0.0,0.0,0.7331735364968603
3520301,hanseniase,2035-06-01,0.0,0.0,0.6930994767482623
3520400,hanseniase,2030-06-01,0.1669077261227965,0.0,1.144834824459854
3520400,hanseniase,2035-06-01,0.1755467415506057,0.0,1.1593812267386516
3520426,hanseniase,2030-06-01,0.0,0.0,0.2675526407801931
3520426,hanseniase,2035-06-01,0.0,0.0,0.1214309981690656
3520442,hanseniase,2030-06-01,0.1339782797821761,0.0,1.1439624928056673
3520442,hanseniase,2035-06-01,0.1913658228835435,0.0,1.1502030549317444
3520509,hanseniase,2030-06-01,0.1301834027803241,0.0,0.4177787936459029
3520509,hanseniase,2035-06-01,0.153666141924873,0.0,0.4354766587138307
3520608,hanseniase,2030-06-01,0.0,0.0,3.2887228742496406
3520608,hanseniase,2035-06-01,0.0,0.0,3.015244217091994
3520707,hanseniase,2030-06-01,0.201148524867685,0.0,4.893415861963375
3520707,hanseniase,2035-06-01,0.0667596076254623,0.0,4.890616204472506
3520806,hanseniase,2030-06-01,0.0001397904843273,0.0,5.203074800732014
3520806,hanseniase,2035-06-01,0.0003076055332873,0.0,12.270958092993848
3520905,hanseniase,2030-06-01,0.0,0.0,0.8628578751598374
3520905,hanseniase,2035-06-01,0.0,0.0,0.8569670783858043
3521002,hanseniase,2030-06-01,0.3106295358913483,0.0,0.6372319819123949
3521002,hanseniase,2035-06-01,0.3851361005388991,0.0486492132198139,0.6913542993597305
3521101,hanseniase,2030-06-01,0.0,0.0,1.1622538980001724
3521101,hanseniase,2035-06-01,0.0,0.0,1.2093198544452275
3521150,hanseniase,2030-06-01,0.0,0.0,2.473357556209028
3521150,hanseniase,2035-06-01,0.0,0.0,2.2710042307525646
3521200,hanseniase,2030-06-01,0.0,0.0,6.587774579650544e-09
3521200,hanseniase,2035-06-01,0.0,0.0,1.5093619212130763e-08
3521309,hanseniase,2030-06-01,0.141939893679563,0.0,1.4338177364354112
3521309,hanseniase,2035-06-01,0.1997968680166778,0.0,1.510101378199037
3521408,hanseniase,2030-06-01,0.0,0.0,0.5553608318510617
3521408,hanseniase,2035-06-01,0.0,0.0,0.5320106322121724
3521507,hanseniase,2030-06-01,0.0,0.0,6.731544609321373e-09
3521507,hanseniase,2035-06-01,0.0,0.0,1.5759628079427865e-08
3521606,hanseniase,2030-06-01,0.0,0.0,1.715403619804982
3521606,hanseniase,2035-06-01,0.0,0.0,3.039713248988388
3521705,hanseniase,2030-06-01,0.0,0.0,0.8388742153274318
3521705,hanseniase,2035-06-01,0.0,0.0,0.8487935771759917
3521804,hanseniase,2030-06-01,0.0343220492697461,0.0,0.4773541037048079
3521804,hanseniase,2035-06-01,0.0463760709230078,0.0,0.5085200924586641
3521903,hanseniase,2030-06-01,0.0,0.0,0.6024058410403971
3521903,hanseniase,2035-06-01,0.0,0.0,0.67561907515112
3522000,hanseniase,2030-06-01,0.0,0.0,6.4313556238984314e-09
3522000,hanseniase,2035-06-01,0.0,0.0,1.5772600503380444e-08
3522109,hanseniase,2030-06-01,0.0,0.0,0.1761799436414831
3522109,hanseniase,2035-06-01,0.0,0.0,0.1663473323955441
3522158,hanseniase,2030-06-01,0.3182513157988418,0.0,2.570637059787794
3522158,hanseniase,2035-06-01,0.375111295686359,0.0,2.4932688246875547
3522208,hanseniase,2030-06-01,0.0243314280637604,0.0,0.1654788521969978
3522208,hanseniase,2035-06-01,0.02530148745562,0.0,0.1555173863745879
3522307,hanseniase,2030-06-01,0.0,0.0,0.1174491584124964
3522307,hanseniase,2035-06-01,0.0,0.0,0.0335495550437608
3522406,hanseniase,2030-06-01,0.0158813530564124,0.0,0.3139638438008759
3522406,hanseniase,2035-06-01,0.0263965910159306,0.0,0.3387460490842143
3522505,hanseniase,2030-06-01,0.0,0.0,0.1593334308640989
3522505,hanseniase,2035-06-01,0.0,0.0,0.1499381026163926
3522604,hanseniase,2030-06-01,0.0,0.0,0.2449724883503002
3522604,hanseniase,2035-06-01,0.0,0.0,0.2176764309478317
3522653,hanseniase,2030-06-01,0.586364610375501,0.0,8.142959837841861
3522653,hanseniase,2035-06-01,0.9491749835124464,0.0,13.469771150618516
3522703,hanseniase,2030-06-01,0.0,0.0,0.6781292585497849
3522703,hanseniase,2035-06-01,0.0,0.0,0.526954836153565
3522802,hanseniase,2030-06-01,0.0,0.0,6.2066626851020145e-09
3522802,hanseniase,2035-06-01,0.0,0.0,1.5171615435396622e-08
3522901,hanseniase,2030-06-01,0.0824850051305197,0.0,1.9684310866896328
3522901,hanseniase,2035-06-01,0.1068342723326618,0.0,2.1581556662079944
3523008,hanseniase,2030-06-01,0.0,0.0,2.61353210428931
3523008,hanseniase,2035-06-01,0.0,0.0,2.414200724001323
3523107,hanseniase,2030-06-01,0.0,0.0,0.1065969251009877
3523107,hanseniase,2035-06-01,0.0,0.0,0.0905060989877045
3523206,hanseniase,2030-06-01,0.0,0.0,0.570601058152959
3523206,hanseniase,2035-06-01,0.0,0.0,0.5165369523435274
3523305,hanseniase,2030-06-01,0.0,0.0,7.0901607895422244e-09
3523305,hanseniase,2035-06-01,0.0,0.0,1.7238016762899683e-08
3523404,hanseniase,2030-06-01,0.0,0.0,0.1400233430655739
3523404,hanseniase,2035-06-01,0.0,0.0,0.0746122604160909
3523503,hanseniase,2030-06-01,0.1595568352753052,0.0,0.7887097273817761
3523503,hanseniase,2035-06-01,0.1876392876215983,0.0,0.8218147608640871
3523602,hanseniase,2030-06-01,0.0030190601713524,0.0,14.42785429251958
3523602,hanseniase,2035-06-01,0.0043544334267823,0.0,36.5307759697031
3523701,hanseniase,2030-06-01,0.0,0.0,6.580687043956171e-09
3523701,hanseniase,2035-06-01,0.0,0.0,1.5668122367145072e-08
3523800,hanseniase,2030-06-01,0.0172016886113907,0.0,1.2885800921951076
3523800,hanseniase,2035-06-01,0.0210421282775646,0.0,1.2756611395354118
3523909,hanseniase,2030-06-01,0.0,0.0,0.5983931858965024
3523909,hanseniase,2035-06-01,0.0,0.0,0.4227164657296849
3524006,hanseniase,2030-06-01,0.0,0.0,0.5771806382957414
3524006,hanseniase,2035-06-01,0.0,0.0,0.3840460956179612
3524105,hanseniase,2030-06-01,0.0,0.0,0.8146303727507663
3524105,hanseniase,2035-06-01,0.0,0.0,0.8201814084141784
3524204,hanseniase,2030-06-01,0.0,0.0,1.5320955790328414
3524204,hanseniase,2035-06-01,0.0,0.0,1.4704126350283562
3524303,hanseniase,2030-06-01,0.0,0.0,0.210446061695139
3524303,hanseniase,2035-06-01,0.0,0.0,0.2080381654256037
3524402,hanseniase,2030-06-01,0.0415986792053494,0.0,0.2374722414402885
3524402,hanseniase,2035-06-01,0.0430546608344643,0.0,0.239066299565443
3524501,hanseniase,2030-06-01,0.0412789294603312,0.0,2.933136960094966
3524501,hanseniase,2035-06-01,0.0548210860024083,0.0,3.118535030984137
3524600,hanseniase,2030-06-01,0.0579835893009583,0.0,0.4718188309563385
3524600,hanseniase,2035-06-01,0.0681291910582424,0.0,0.475240775831782
3524709,hanseniase,2030-06-01,0.0,0.0,0.3951251993027225
3524709,hanseniase,2035-06-01,0.0,0.0,0.2911257849343743
3524808,hanseniase,2030-06-01,0.0,0.0,0.0653718716316497
3524808,hanseniase,2035-06-01,0.0,0.0,0.0
3524907,hanseniase,2030-06-01,0.0,0.0,7.167132186146101e-09
3524907,hanseniase,2035-06-01,0.0,0.0,1.67097592401459e-08
3525003,hanseniase,2030-06-01,0.0069172386693436,0.0,0.2592938279983809
3525003,hanseniase,2035-06-01,0.0083601719477762,0.0,0.2614777838007174
3525102,hanseniase,2030-06-01,0.0,0.0,0.7905968641784293
3525102,hanseniase,2035-06-01,0.0,0.0,0.3379035642163399
3525201,hanseniase,2030-06-01,0.0,0.0,1.1557092084409717
3525201,hanseniase,2035-06-01,0.0,0.0,0.9584644766044188
3525300,hanseniase,2030-06-01,0.0,0.0,0.2619984706471364
3525300,hanseniase,2035-06-01,0.0,0.0,0.2357885328622208
3525409,hanseniase,2030-06-01,0.0,0.0,6.267767979750825e-09
3525409,hanseniase,2035-06-01,0.0,0.0,1.5001909921469172e-08
3525508,hanseniase,2030-06-01,0.0,0.0,0.5817823955659587
3525508,hanseniase,2035-06-01,0.0,0.0,0.5695688931946907
3525607,hanseniase,2030-06-01,0.0,0.0,7.281814198575971e-09
3525607,hanseniase,2035-06-01,0.0,0.0,1.5817876026585264e-08
3525706,hanseniase,2030-06-01,0.0,0.0,0.9556245844966044
3525706,hanseniase,2035-06-01,0.0,0.0,0.8917704652697533
3525805,hanseniase,2030-06-01,0.0,0.0,38.728172052731125
3525805,hanseniase,2035-06-01,0.0,0.0,94.2681231944376
3525854,hanseniase,2030-06-01,0.0,0.0,6.8978933872543204e-09
3525854,hanseniase,2035-06-01,0.0,0.0,1.6557930660905288e-08
3525904,hanseniase,2030-06-01,0.0,0.0,0.3453317441932172
3525904,hanseniase,2035-06-01,0.0,0.0,0.1293148584388286
3526001,hanseniase,2030-06-01,0.0,0.0,1.5210799084106597
3526001,hanseniase,2035-06-01,0.0,0.0,1.2368057818549527
3526100,hanseniase,2030-06-01,0.044092479781796,0.0,0.9845103111620596
3526100,hanseniase,2035-06-01,0.066973141042744,0.0,1.039269338067312
3526209,hanseniase,2030-06-01,0.0,0.0,0.7321720138987196
3526209,hanseniase,2035-06-01,0.0,0.0,0.762479125001276
3526308,hanseniase,2030-06-01,0.3190992259736919,0.0,1.7791350634942955
3526308,hanseniase,2035-06-01,0.385723878958069,0.0,1.8803186148004325
3526407,hanseniase,2030-06-01,0.0,0.0,0.7874769335271372
3526407,hanseniase,2035-06-01,0.0,0.0,0.6917860541333615
3526506,hanseniase,2030-06-01,0.0,0.0,6.7732646434475645e-09
3526506,hanseniase,2035-06-01,0.0,0.0,1.7192181156294924e-08
3526605,hanseniase,2030-06-01,0.0,0.0,1.057554398042967
3526605,hanseniase,2035-06-01,0.0,0.0,0.9953446589884192
3526704,hanseniase,2030-06-01,0.3630471153925064,0.0,1.0207843664364875
3526704,hanseniase,2035-06-01,0.4067445986858694,0.0,1.043294080984077
3526803,hanseniase,2030-06-01,0.0,0.0,0.1184177209247822
3526803,hanseniase,2035-06-01,0.0,0.0,0.0009691871072307
3526902,hanseniase,2030-06-01,0.2033785797393873,0.0,0.8516773011529392
3526902,hanseniase,2035-06-01,0.2678903867920262,0.0,1.7567311614723171
3527009,hanseniase,2030-06-01,0.0,0.0,6.746128869581149e-09
3527009,hanseniase,2035-06-01,0.0,0.0,1.559758255920077e-08
3527108,hanseniase,2030-06-01,0.0095356629262567,0.0,0.6034897747944885
3527108,hanseniase,2035-06-01,0.0070027040658902,0.0,0.5894849229435594
3527207,hanseniase,2030-06-01,0.0,0.0,0.5226795302159296
3527207,hanseniase,2035-06-01,0.0,0.0,0.5097794972471251
3527256,hanseniase,2030-06-01,0.0,0.0,6.256849038769075e-09
3527256,hanseniase,2035-06-01,0.0,0.0,1.4713296939572434e-08
3527306,hanseniase,2030-06-01,0.0136906488807925,0.0,0.57777156140413
3527306,hanseniase,2035-06-01,0.0,0.0,0.5755686512295961
3527405,hanseniase,2030-06-01,0.7805338291999473,0.033807789946405,1.537343883424847
3527405,hanseniase,2035-06-01,1.0862804783243232,0.266902523204609,1.95115499736856
3527504,hanseniase,2030-06-01,0.0,0.0,4.602462655993079
3527504,hanseniase,2035-06-01,0.0,0.0,4.239588234570355
3527603,hanseniase,2030-06-01,0.0,0.0,0.0
3527603,hanseniase,2035-06-01,0.0,0.0,0.0
3527702,hanseniase,2030-06-01,0.0,0.0,6.830774726056297e-09
3527702,hanseniase,2035-06-01,0.0,0.0,1.6584924669497374e-08
3527801,hanseniase,2030-06-01,0.0,0.0,2.8035099471710243
3527801,hanseniase,2035-06-01,0.0,0.0,2.9730181691896287
3527900,hanseniase,2030-06-01,0.0,0.0,2.3915604538586948
3527900,hanseniase,2035-06-01,0.0,0.0,2.231315442793764
3528007,hanseniase,2030-06-01,0.0,0.0,0.572736311567229
3528007,hanseniase,2035-06-01,0.0,0.0,0.4465072198558964
3528106,hanseniase,2030-06-01,0.0,0.0,5.942860000005779e-09
3528106,hanseniase,2035-06-01,0.0,0.0,1.4874179899552084e-08
3528205,hanseniase,2030-06-01,0.0102866504893677,0.0,31.95443142682241
3528205,hanseniase,2035-06-01,0.0164252179384567,0.0,75.34381240424426
3528304,hanseniase,2030-06-01,0.0,0.0,6.380686466381952e-09
3528304,hanseniase,2035-06-01,0.0,0.0,1.4882596611360532e-08
3528403,hanseniase,2030-06-01,0.0169405795661774,0.0,0.352643084838551
3528403,hanseniase,2035-06-01,0.0135586020609097,0.0,0.3463582067579355
3528502,hanseniase,2030-06-01,0.0669840835307133,0.0,0.4537551502655025
3528502,hanseniase,2035-06-01,0.0949687969944012,0.0,0.5359181682482235
3528601,hanseniase,2030-06-01,0.1453179033042275,0.0,0.9002124794731473
3528601,hanseniase,2035-06-01,0.174790710110868,0.0,0.972331204258956
3528700,hanseniase,2030-06-01,0.0,0.0,6.4972689374014966e-09
3528700,hanseniase,2035-06-01,0.0,0.0,1.5586914352422988e-08
3528809,hanseniase,2030-06-01,0.0001687178434464,0.0,2.2018174606726584
3528809,hanseniase,2035-06-01,0.0001804137708395,0.0,5.301161552788384
3528858,hanseniase,2030-06-01,0.0,0.0,6.444103673700434e-09
3528858,hanseniase,2035-06-01,0.0,0.0,1.5469471448369045e-08
3528908,hanseniase,2030-06-01,0.0,0.0,7.075288459256192e-09
3528908,hanseniase,2035-06-01,0.0,0.0,1.6485632656727168e-08
3529005,hanseniase,2030-06-01,0.0,0.0,0.1512279057299085
3529005,hanseniase,2035-06-01,0.0,0.0,0.1312547438260956
3529104,hanseniase,2030-06-01,0.0,0.0,3.273926127261021
3529104,hanseniase,2035-06-01,0.0,0.0,3.263613209527038
3529203,hanseniase,2030-06-01,0.0,0.0,6.844845895102846e-09
3529203,hanseniase,2035-06-01,0.0,0.0,1.6808254113970198e-08
3529302,hanseniase,2030-06-01,0.0665504299042074,0.0,0.4193032967979795
3529302,hanseniase,2035-06-01,0.0699482529586762,0.0,0.4433408644857656
3529401,hanseniase,2030-06-01,0.0,0.0,0.0695751937464087
3529401,hanseniase,2035-06-01,0.0,0.0,0.0625443852549905
3529500,hanseniase,2030-06-01,0.0,0.0,6.328821170969208e-09
3529500,hanseniase,2035-06-01,0.0,0.0,1.5315175510767612e-08
3529609,hanseniase,2030-06-01,0.392920812637638,0.0,15.866981344588227
3529609,hanseniase,2035-06-01,0.6061186584264181,0.0,35.06489719481098
3529658,hanseniase,2030-06-01,0.0,0.0,3.748867693633948
3529658,hanseniase,2035-06-01,0.0,0.0,3.661507898515375
3529708,hanseniase,2030-06-01,2.9218878413328726,0.6991542399700768,5.193465078185503
3529708,hanseniase,2035-06-01,3.426547335353068,1.0812071473621852,5.896696352722554
3529807,hanseniase,2030-06-01,0.0054470924619743,0.0,0.8815595994127096
3529807,hanseniase,2035-06-01,0.0,0.0,0.8631430648420909
3529906,hanseniase,2030-06-01,0.0,0.0,11.97230666331414
3529906,hanseniase,2035-06-01,0.0,0.0,30.228483059397387
3530003,hanseniase,2030-06-01,0.0,0.0,3.928076182014781
3530003,hanseniase,2035-06-01,0.0,0.0,3.575352561005413
3530102,hanseniase,2030-06-01,0.0664639523859046,0.0,0.9236628661108734
3530102,hanseniase,2035-06-01,0.0474962699488018,0.0,1.0274935435208197
3530201,hanseniase,2030-06-01,0.0,0.0,0.4101295115760498
3530201,hanseniase,2035-06-01,0.0,0.0,0.364622812903184
3530300,hanseniase,2030-06-01,0.1749737739938947,0.0,0.9728659373531724
3530300,hanseniase,2035-06-01,0.1916774282843753,0.0,0.9505558253837668
3530409,hanseniase,2030-06-01,0.0,0.0,6.1637905100936235e-09
3530409,hanseniase,2035-06-01,0.0,0.0,1.5286744332454398e-08
3530508,hanseniase,2030-06-01,0.0,0.0,0.5744389364077892
3530508,hanseniase,2035-06-01,0.0,0.0,0.5010130349057327
3530607,hanseniase,2030-06-01,0.005201480394426,0.0,0.1957492345749233
3530607,hanseniase,2035-06-01,0.0,0.0,0.1302438562934918
3530706,hanseniase,2030-06-01,0.0033904224948793,0.0,0.1719037944630377
3530706,hanseniase,2035-06-01,0.0,0.0,0.1655209153145604
3530805,hanseniase,2030-06-01,0.011053859482846,0.0,0.3501570636486883
3530805,hanseniase,2035-06-01,0.0172278343919469,0.0,0.3508422178298246
3530904,hanseniase,2030-06-01,0.0,0.0,2.0272236144273807
3530904,hanseniase,2035-06-01,0.0,0.0,2.013901531094829
3531001,hanseniase,2030-06-01,0.0,0.0,6.242041599898236e-09
3531001,hanseniase,2035-06-01,0.0,0.0,1.497495559998848e-08
3531100,hanseniase,2030-06-01,0.0180070943351664,0.0,0.1557311430302307
3531100,hanseniase,2035-06-01,0.0209984056677142,0.0,0.1586812322917569
3531209,hanseniase,2030-06-01,0.135553312453551,0.0,1.8043392764548216
3531209,hanseniase,2035-06-01,0.1364638586124427,0.0,1.8780491476878305
3531308,hanseniase,2030-06-01,0.0,0.0,0.5251953800645804
3531308,hanseniase,2035-06-01,0.0,0.0,0.4824124847574018
3531407,hanseniase,2030-06-01,0.0350893252310255,0.0,0.5743118899846332
3531407,hanseniase,2035-06-01,0.0363182814282683,0.0,0.5587544474530913
3531506,hanseniase,2030-06-01,0.0,0.0,0.8633099382590018
3531506,hanseniase,2035-06-01,0.0,0.0,0.7424349059161461
3531605,hanseniase,2030-06-01,0.0016937181341874,0.0,4.636452966940322
3531605,hanseniase,2035-06-01,0.0,0.0,4.0304975905458535
3531704,hanseniase,2030-06-01,0.0,0.0,1.868177336243912
3531704,hanseniase,2035-06-01,0.0,0.0,1.757917884773026
3531803,hanseniase,2030-06-01,0.0452753861850285,0.0,0.4249268711686972
3531803,hanseniase,2035-06-01,0.0448956582946134,0.0,0.4338250254877085
3531902,hanseniase,2030-06-01,0.0,0.0,0.5235212330161718
3531902,hanseniase,2035-06-01,0.0,0.0,0.4779484258371805
3532009,hanseniase,2030-06-01,0.0256320440236789,0.0,0.8497721898604448
3532009,hanseniase,2035-06-01,0.0093520127972041,0.0,0.8889225066226734
3532058,hanseniase,2030-06-01,0.2961117868533684,0.0,1.853687665663023
3532058,hanseniase,2035-06-01,0.3560145329039758,0.0,1.8124162206983423
3532108,hanseniase,2030-06-01,0.0,0.0,6.6000877007247155e-09
3532108,hanseniase,2035-06-01,0.0,0.0,1.511527571770398e-08
3532157,hanseniase,2030-06-01,0.0,0.0,6.574405650253781e-09
3532157,hanseniase,2035-06-01,0.0,0.0,1.5574187928915273e-08
3532207,hanseniase,2030-06-01,0.9554527868177604,0.0,3.685010156194248
3532207,hanseniase,2035-06-01,1.409591703983552,0.0,4.936074085200037
3532306,hanseniase,2030-06-01,0.0,0.0,6.194084824654837e-09
3532306,hanseniase,2035-06-01,0.0,0.0,1.524257660660866e-08
3532405,hanseniase,2030-06-01,0.0514647663512348,0.0,1.1332726223760856
3532405,hanseniase,2035-06-01,0.1225459713657314,0.0,1.1338170486065464
3532504,hanseniase,2030-06-01,0.0587099941561022,0.0,1.6042880359564902
3532504,hanseniase,2035-06-01,0.0294591909689967,0.0,1.5693350945362734
3532603,hanseniase,2030-06-01,0.1846531423216416,0.0,1.864094786285876
3532603,hanseniase,2035-06-01,0.1935441745379552,0.0,1.6466537055758987
3532702,hanseniase,2030-06-01,0.0,0.0,6.063347490788665e-09
3532702,hanseniase,2035-06-01,0.0,0.0,1.4794657633311473e-08
3532801,hanseniase,2030-06-01,0.0,0.0,1.239537695677536
3532801,hanseniase,2035-06-01,0.0,0.0,0.6716616212013837
3532827,hanseniase,2030-06-01,0.0310642395382145,0.0,4.239510196849744
3532827,hanseniase,2035-06-01,0.0440945162955387,0.0,10.057669681861476
3532843,hanseniase,2030-06-01,0.0,0.0,6.615296069895732e-09
3532843,hanseniase,2035-06-01,0.0,0.0,1.6065914932188593e-08
3532868,hanseniase,2030-06-01,0.0,0.0,6.849409079353243e-09
3532868,hanseniase,2035-06-01,0.0,0.0,1.5872763995221712e-08
3532900,hanseniase,2030-06-01,0.0,0.0,1.099913706938362
3532900,hanseniase,2035-06-01,0.0,0.0,1.1447986436865998
3533007,hanseniase,2030-06-01,0.0,0.0,0.9816122647703456
3533007,hanseniase,2035-06-01,0.0,0.0,0.7508427414031229
3533106,hanseniase,2030-06-01,0.0,0.0,6.631485642391194e-09
3533106,hanseniase,2035-06-01,0.0,0.0,1.5815694264603215e-08
3533205,hanseniase,2030-06-01,0.0719828081866611,0.0,4.574798221818275
3533205,hanseniase,2035-06-01,0.1059569153467886,0.0,6.932784456044614
3533254,hanseniase,2030-06-01,0.0,0.0,2.172067395676335
3533254,hanseniase,2035-06-01,0.0,0.0,1.9653232650312211
3533304,hanseniase,2030-06-01,0.0,0.0,6.46355668812644e-09
3533304,hanseniase,2035-06-01,0.0,0.0,1.5723609967428973e-08
3533403,hanseniase,2030-06-01,0.0347600348924447,0.0,0.3508072203265415
3533403,hanseniase,2035-06-01,0.0356778137902047,0.0,0.3598327650940446
3533502,hanseniase,2030-06-01,0.3752986792171905,0.0,0.8918051701068483
3533502,hanseniase,2035-06-01,0.4526039865248077,0.0,0.944739728318266
3533601,hanseniase,2030-06-01,0.0,0.0,6.245307426053989e-09
3533601,hanseniase,2035-06-01,0.0,0.0,1.5934761811123518e-08
3533700,hanseniase,2030-06-01,1.1088965695137163,0.0,4.516562416405425
3533700,hanseniase,2035-06-01,1.314066831648672,0.0,4.567441227772721
3533809,hanseniase,2030-06-01,0.0,0.0,6.582086215346514e-09
3533809,hanseniase,2035-06-01,0.0,0.0,1.6843860801785017e-08
3533908,hanseniase,2030-06-01,0.0280029437788987,0.0,0.2246314194808291
3533908,hanseniase,2035-06-01,0.0321927270297741,0.0,0.2376767720171549
3534005,hanseniase,2030-06-01,0.0,0.0,1.7894046110837172
3534005,hanseniase,2035-06-01,0.0,0.0,1.8408790900867256
3534104,hanseniase,2030-06-01,0.0,0.0,1.1509394118831784
3534104,hanseniase,2035-06-01,0.0,0.0,1.1447157604836824
3534203,hanseniase,2030-06-01,0.0,0.0,1.6927872021421535
3534203,hanseniase,2035-06-01,0.0,0.0,0.7949257236463867
3534302,hanseniase,2030-06-01,0.0467696480441331,0.0,0.7009409840081815
3534302,hanseniase,2035-06-01,0.0722138547816332,0.0,0.6568349061821428
3534401,hanseniase,2030-06-01,0.0102717582438475,0.0,0.0805689829710225
3534401,hanseniase,2035-06-01,0.0081602914927311,0.0,0.0871536662222918
3534500,hanseniase,2030-06-01,0.0,0.0,6.803571538871674e-09
3534500,hanseniase,2035-06-01,0.0,0.0,1.6336065675361996e-08
3534609,hanseniase,2030-06-01,0.0,0.0,0.6866314118511246
3534609,hanseniase,2035-06-01,0.0,0.0,0.6138121558605127
3534708,hanseniase,2030-06-01,0.0,0.0,0.2199665155823966
3534708,hanseniase,2035-06-01,0.0,0.0,0.1896802469000153
3534757,hanseniase,2030-06-01,0.0009572480412444,0.0,18.31192282886937
3534757,hanseniase,2035-06-01,0.0016944325100624,0.0,43.24756573577995
3534807,hanseniase,2030-06-01,0.0,0.0,3.7712055343663455
3534807,hanseniase,2035-06-01,0.0,0.0,6.999878090747412
3534906,hanseniase,2030-06-01,0.0,0.0,1.1013037819113207
3534906,hanseniase,2035-06-01,0.0,0.0,1.0685922410560365
3535002,hanseniase,2030-06-01,0.0299800869874692,0.0,3.62755336251086
3535002,hanseniase,2035-06-01,0.0457267890978247,0.0,8.956949698266442
3535101,hanseniase,2030-06-01,0.0034133612208323,0.0,1.0536669449542662
3535101,hanseniase,2035-06-01,0.0052473316089762,0.0,1.1945884990628384
3535200,hanseniase,2030-06-01,0.0,0.0,0.3912078773731922
3535200,hanseniase,2035-06-01,0.0,0.0,0.8992580769393556
3535309,hanseniase,2030-06-01,0.1052431028233491,0.0,0.6891720433274782
3535309,hanseniase,2035-06-01,0.1212598053308612,0.0,0.6904705850696083
3535408,hanseniase,2030-06-01,0.0583482323757625,0.0,0.7306658362936759
3535408,hanseniase,2035-06-01,0.0619296816986867,0.0,0.7619432740768259
3535507,hanseniase,2030-06-01,0.0163360611584725,0.0,0.337278294098228
3535507,hanseniase,2035-06-01,0.012184545544978,0.0,0.3477818733160674
3535606,hanseniase,2030-06-01,0.0,0.0,6.3997721640799925e-09
3535606,hanseniase,2035-06-01,0.0,0.0,1.5130613679222784e-08
3535705,hanseniase,2030-06-01,0.0,0.0,0.8318357666966522
3535705,hanseniase,2035-06-01,0.0,0.0,2.1141543015915234
3535804,hanseniase,2030-06-01,0.0337669154717826,0.0,1.2305891180819155
3535804,hanseniase,2035-06-01,0.0,0.0,1.1258456408169235
3535903,hanseniase,2030-06-01,0.0,0.0,1.7573565093187815
3535903,hanseniase,2035-06-01,0.0,0.0,1.7929226438592782
3536000,hanseniase,2030-06-01,0.2171339135718723,0.0,1.1844492412023349
3536000,hanseniase,2035-06-01,0.2579303525545308,0.0,1.1547545436148092
3536109,hanseniase,2030-06-01,0.0,0.0,6.217094738282735e-09
3536109,hanseniase,2035-06-01,0.0,0.0,1.4700763485837882e-08
3536208,hanseniase,2030-06-01,0.0025814465174412,0.0,0.5225873126004679
3536208,hanseniase,2035-06-01,0.0,0.0,0.5391150976929157
3536257,hanseniase,2030-06-01,0.0,0.0,6.499283930203436e-09
3536257,hanseniase,2035-06-01,0.0,0.0,1.554488312895789e-08
3536307,hanseniase,2030-06-01,0.0,0.0,6.376553462324838e-09
3536307,hanseniase,2035-06-01,0.0,0.0,1.5477664104798172e-08
3536406,hanseniase,2030-06-01,0.1133075616347921,0.0,1.7901057871335124
3536406,hanseniase,2035-06-01,0.1169655372464501,0.0,1.7736248070361396
3536505,hanseniase,2030-06-01,0.0106068185143091,0.0,0.4710142450933314
3536505,hanseniase,2035-06-01,0.0141476804128743,0.0,0.429964240235667
3536570,hanseniase,2030-06-01,0.0,0.0,6.6990826653889955e-09
3536570,hanseniase,2035-06-01,0.0,0.0,1.5251044575226493e-08
3536604,hanseniase,2030-06-01,0.4607490372851801,0.0,2.081374575884771
3536604,hanseniase,2035-06-01,0.7670225073489286,0.0,2.386490238155596
3536703,hanseniase,2030-06-01,0.0968817304894131,0.0,0.95982985641837
3536703,hanseniase,2035-06-01,0.1354818629997345,0.0,1.416329059355946
3536802,hanseniase,2030-06-01,0.0,0.0,6.706329797322944e-09
3536802,hanseniase,2035-06-01,0.0,0.0,1.6701215457128654e-08
3536901,hanseniase,2030-06-01,0.0,0.0,2.447605202899704
3536901,hanseniase,2035-06-01,0.0,0.0,2.6231397856549448
3537008,hanseniase,2030-06-01,0.2042125026925069,0.0,1.0859755744863315
3537008,hanseniase,2035-06-01,0.2361536905989789,0.0,1.1408423235155598
3537107,hanseniase,2030-06-01,0.0237523676734376,0.0,0.3391692791055464
3537107,hanseniase,2035-06-01,0.0234949345055438,0.0,0.3388599457492115
3537156,hanseniase,2030-06-01,0.0,0.0,6.498708450011142e-09
3537156,hanseniase,2035-06-01,0.0,0.0,1.5090517605997663e-08
3537206,hanseniase,2030-06-01,0.0,0.0,6.113460914712814e-09
3537206,hanseniase,2035-06-01,0.0,0.0,1.5310954221079354e-08
3537305,hanseniase,2030-06-01,0.0,0.0,0.4434907219880581
3537305,hanseniase,2035-06-01,0.0,0.0,0.6189151144651432
3537404,hanseniase,2030-06-01,0.5495639137599303,0.0,1.6529005683610334
3537404,hanseniase,2035-06-01,0.6370305283280471,0.0,1.894529836508242
3537503,hanseniase,2030-06-01,0.0,0.0,5.778053294198846e-09
3537503,hanseniase,2035-06-01,0.0,0.0,1.3893002824757466e-08
3537602,hanseniase,2030-06-01,0.0351053599442852,0.0,0.2886354180639504
3537602,hanseniase,2035-06-01,0.0373727773363597,0.0,0.2838508105791483
3537701,hanseniase,2030-06-01,0.0,0.0,6.1776932257437845e-09
3537701,hanseniase,2035-06-01,0.0,0.0,1.6002649851646082e-08
3537800,hanseniase,2030-06-01,0.0,0.0,0.2586114933312001
3537800,hanseniase,2035-06-01,0.0,0.0,0.2525443183902219
3537909,hanseniase,2030-06-01,0.0,0.0,0.551935507904069
3537909,hanseniase,2035-06-01,0.0,0.0,0.5198329773026201
3538006,hanseniase,2030-06-01,0.0,0.0,0.1710948345586713
3538006,hanseniase,2035-06-01,0.0,0.0,0.1560290051514176
3538105,hanseniase,2030-06-01,0.0,0.0,9.364782392872074
3538105,hanseniase,2035-06-01,0.0,0.0,23.66657956972588
3538204,hanseniase,2030-06-01,0.0,0.0,0.5087253592011571
3538204,hanseniase,2035-06-01,0.0,0.0,0.5313901664173696
3538303,hanseniase,2030-06-01,0.0,0.0,6.180927522413022e-09
3538303,hanseniase,2035-06-01,0.0,0.0,1.4294083564384952e-08
3538501,hanseniase,2030-06-01,0.0,0.0,6.860781448656502e-09
3538501,hanseniase,2035-06-01,0.0,0.0,1.5813179385300953e-08
3538600,hanseniase,2030-06-01,0.0,0.0,0.6066957676669624
3538600,hanseniase,2035-06-01,0.0,0.0,0.6183378778321561
3538709,hanseniase,2030-06-01,0.0245233237356518,0.0,0.1599907652856391
3538709,hanseniase,2035-06-01,0.0218299898925078,0.0,0.1596189449029235
3538808,hanseniase,2030-06-01,0.0,0.0,0.3550300939203117
3538808,hanseniase,2035-06-01,0.0,0.0,0.337074629359782
3538907,hanseniase,2030-06-01,0.0,0.0,0.5719900140263928
3538907,hanseniase,2035-06-01,0.0,0.0,0.5521081048830275
3539004,hanseniase,2030-06-01,0.0531774761215374,0.0,1.2500015954790111
3539004,hanseniase,2035-06-01,0.0409678173915963,0.0,1.2040991335088886
3539103,hanseniase,2030-06-01,0.0,0.0,0.4605203587962578
3539103,hanseniase,2035-06-01,0.0,0.0,0.4232376364261052
3539202,hanseniase,2030-06-01,0.0,0.0,0.951249116341526
3539202,hanseniase,2035-06-01,0.0,0.0,0.960716862819915
3539301,hanseniase,2030-06-01,0.0444231505171991,0.0,0.3318075667061317
3539301,hanseniase,2035-06-01,0.0465330716483723,0.0,0.3241888707840042
3539400,hanseniase,2030-06-01,0.0,0.0,0.6397806153236325
3539400,hanseniase,2035-06-01,0.0,0.0,0.6027288169794505
3539509,hanseniase,2030-06-01,0.0602990591384401,0.0,1.117869380647184
3539509,hanseniase,2035-06-01,0.0256319294790039,0.0,1.2932333069226585
3539608,hanseniase,2030-06-01,0.0,0.0,3.531730921742016
3539608,hanseniase,2035-06-01,0.0,0.0,3.501983696280237
3539707,hanseniase,2030-06-01,0.0155906768334883,0.0,2.221225362533937
3539707,hanseniase,2035-06-01,0.019148144067347,0.0,2.415697621402909
3539806,hanseniase,2030-06-01,0.0,0.0,0.114329301959179
3539806,hanseniase,2035-06-01,0.0,0.0,0.1120265022711251
3539905,hanseniase,2030-06-01,1.9771490894835957,0.8666455984626632,3.1105237067997678
3539905,hanseniase,2035-06-01,2.8335867711353524,1.6749442811749984,3.960147184118727
3540002,hanseniase,2030-06-01,0.0050014294219831,0.0,0.7941224059332754
3540002,hanseniase,2035-06-01,0.0,0.0,0.7392953930020466
3540101,hanseniase,2030-06-01,0.0,0.0,6.882570729403048e-09
3540101,hanseniase,2035-06-01,0.0,0.0,1.4960527449696878e-08
3540200,hanseniase,2030-06-01,0.0,0.0,0.7603514843106791
3540200,hanseniase,2035-06-01,0.0,0.0,0.7673781087696195
3540259,hanseniase,2030-06-01,0.0,0.0,6.8711299482131054e-09
3540259,hanseniase,2035-06-01,0.0,0.0,1.671631638902495e-08
3540309,hanseniase,2030-06-01,0.0,0.0,6.455407929895861e-09
3540309,hanseniase,2035-06-01,0.0,0.0,1.5603943808036355e-08
3540408,hanseniase,2030-06-01,0.3802786736605573,0.0,2.8346262869414467
3540408,hanseniase,2035-06-01,0.4333746180584342,0.0,2.816804127410842
3540507,hanseniase,2030-06-01,0.0,0.0,1.3068879356994014
3540507,hanseniase,2035-06-01,0.0,0.0,1.1106978869968245
3540606,hanseniase,2030-06-01,0.0,0.0,0.3745103605233858
3540606,hanseniase,2035-06-01,0.0,0.0,0.3758741052549822
3540705,hanseniase,2030-06-01,0.0,0.0,0.0809640936096848
3540705,hanseniase,2035-06-01,0.0,0.0,0.0
3540754,hanseniase,2030-06-01,0.0113118802524223,0.0,0.6615602355607312
3540754,hanseniase,2035-06-01,0.0,0.0,0.6738269193280778
3540804,hanseniase,2030-06-01,0.0,0.0,2.163366666168906
3540804,hanseniase,2035-06-01,0.0,0.0,2.061246204002998
3540853,hanseniase,2030-06-01,0.0,0.0,6.1312972227107186e-09
3540853,hanseniase,2035-06-01,0.0,0.0,1.4643466905622912e-08
3540903,hanseniase,2030-06-01,0.0,0.0,0.4640250443760996
3540903,hanseniase,2035-06-01,0.0,0.0,0.4338304648045972
3541000,hanseniase,2030-06-01,0.0,0.0,0.0960151820277989
3541000,hanseniase,2035-06-01,0.0,0.0,0.0801390646775508
3541059,hanseniase,2030-06-01,0.0,0.0,2.3683474656484185
3541059,hanseniase,2035-06-01,0.0,0.0,2.1618609045454416
3541109,hanseniase,2030-06-01,0.0,0.0,6.4759358053328e-09
3541109,hanseniase,2035-06-01,0.0,0.0,1.4902750305886246e-08
3541208,hanseniase,2030-06-01,0.0,0.0,1.1266260186443953
3541208,hanseniase,2035-06-01,0.0,0.0,1.0372061006861328
3541307,hanseniase,2030-06-01,0.0,0.0,0.5394347512621155
3541307,hanseniase,2035-06-01,0.0,0.0,0.4880039152851891
3541406,hanseniase,2030-06-01,0.0,0.0,0.218868283525855
3541406,hanseniase,2035-06-01,0.0,0.0,0.2025904259506195
3541505,hanseniase,2030-06-01,0.0,0.0,0.8533324693459327
3541505,hanseniase,2035-06-01,0.0,0.0,0.7284830662439671
3541604,hanseniase,2030-06-01,0.0218725447206287,0.0,0.796214536907528
3541604,hanseniase,2035-06-01,0.0313611259837468,0.0,1.4922217600405838
3541653,hanseniase,2030-06-01,0.3462486390828514,0.0,2.3404838154722905
3541653,hanseniase,2035-06-01,0.4129808074710803,0.0,2.344272997450201
3541703,hanseniase,2030-06-01,0.0,0.0,1.9252854136487227
3541703,hanseniase,2035-06-01,0.0,0.0,4.823915597957125
3541802,hanseniase,2030-06-01,0.0,0.0,7.060114203728481e-09
3541802,hanseniase,2035-06-01,0.0,0.0,1.67431383529986e-08
3541901,hanseniase,2030-06-01,0.0,0.0,1.1619451301444972
3541901,hanseniase,2035-06-01,0.0,0.0,1.0987035301598869
3542008,hanseniase,2030-06-01,0.0,0.0,1.678959936788356
3542008,hanseniase,2035-06-01,0.0,0.0,1.6966402023219935
3542107,hanseniase,2030-06-01,0.0,0.0,1.3113638074685017
3542107,hanseniase,2035-06-01,0.0,0.0,1.333924023277774
3542206,hanseniase,2030-06-01,0.0009776727310819,0.0,12.403799020642078
3542206,hanseniase,2035-06-01,0.0014850780514175,0.0,31.193889729464075
3542305,hanseniase,2030-06-01,0.0,0.0,6.463235264882313e-09
3542305,hanseniase,2035-06-01,0.0,0.0,1.5638808150318825e-08
3542404,hanseniase,2030-06-01,0.0,0.0,0.4013629440725555
3542404,hanseniase,2035-06-01,0.0,0.0,0.3643284505171393
3542503,hanseniase,2030-06-01,0.0185762474018096,0.0,2.2826620257652386
3542503,hanseniase,2035-06-01,0.028756836218294,0.0,2.55335651413684
3542602,hanseniase,2030-06-01,0.0,0.0,0.2180597158639385
3542602,hanseniase,2035-06-01,0.0,0.0,0.138379398843169
3542701,hanseniase,2030-06-01,0.1639617555551553,0.0,1.094349796911276
3542701,hanseniase,2035-06-01,0.1952482128441421,0.0,1.099414222225758
3542800,hanseniase,2030-06-01,0.0,0.0,6.568120806773079e-09
3542800,hanseniase,2035-06-01,0.0,0.0,1.5406337702881992e-08
3542909,hanseniase,2030-06-01,0.0,0.0,0.8452694520415516
3542909,hanseniase,2035-06-01,0.0,0.0,0.4558163178842537
3543006,hanseniase,2030-06-01,0.0,0.0,0.3081065748993354
3543006,hanseniase,2035-06-01,0.0,0.0,0.2942546294621146
3543105,hanseniase,2030-06-01,0.0,0.0,6.403585188726674e-09
3543105,hanseniase,2035-06-01,0.0,0.0,1.5262238529793318e-08
3543204,hanseniase,2030-06-01,0.0,0.0,6.362006282762113e-09
3543204,hanseniase,2035-06-01,0.0,0.0,1.475112410474368e-08
3543238,hanseniase,2030-06-01,0.0,0.0,6.363057238829177e-09
3543238,hanseniase,2035-06-01,0.0,0.0,1.5032438027450573e-08
3543253,hanseniase,2030-06-01,0.0,0.0,6.349066549461204e-09
3543253,hanseniase,2035-06-01,0.0,0.0,1.563384193179977e-08
3543303,hanseniase,2030-06-01,0.0,0.0,0.1774316238313986
3543303,hanseniase,2035-06-01,0.0,0.0,0.1805609093299894
3543402,hanseniase,2030-06-01,0.0,0.0,0.0562489539722616
3543402,hanseniase,2035-06-01,0.0,0.0,0.0
3543501,hanseniase,2030-06-01,0.0,0.0,3.205355529397297
3543501,hanseniase,2035-06-01,0.0,0.0,2.983545990686856
3543600,hanseniase,2030-06-01,0.0,0.0,2.668251127193486
3543600,hanseniase,2035-06-01,0.0,0.0,2.505941289949165
3543709,hanseniase,2030-06-01,0.0,0.0,1.4822006261041931
3543709,hanseniase,2035-06-01,0.0,0.0,0.8719297730755614
3543808,hanseniase,2030-06-01,0.0,0.0,2.4774920251266668
3543808,hanseniase,2035-06-01,0.0,0.0,1.9998404556187297
3543907,hanseniase,2030-06-01,0.1001204144736693,0.0,0.3300320323685258
3543907,hanseniase,2035-06-01,0.1118862606119101,0.0,0.364713640257811
3544004,hanseniase,2030-06-01,0.0,0.0,0.4433409547763879
3544004,hanseniase,2035-06-01,0.0,0.0,0.4542731665116412
3544103,hanseniase,2030-06-01,0.0025559760264346,0.0,0.3779353768277646
3544103,hanseniase,2035-06-01,0.0,0.0,0.3745787219443299
3544202,hanseniase,2030-06-01,0.0228345417489928,0.0,1.8159067984951245
3544202,hanseniase,2035-06-01,0.0192872469312892,0.0,2.342537252922309
3544251,hanseniase,2030-06-01,0.0,0.0,6.795911231410508e-09
3544251,hanseniase,2035-06-01,0.0,0.0,1.6264481275000572e-08
3544301,hanseniase,2030-06-01,0.0,0.0,1.5307228517502331
3544301,hanseniase,2035-06-01,0.0,0.0,1.2204163043063598
3544400,hanseniase,2030-06-01,0.0,0.0,2.2974767230474646
3544400,hanseniase,2035-06-01,0.0,0.0,2.1981870593404507
3544509,hanseniase,2030-06-01,0.0,0.0,2.375385348280806
3544509,hanseniase,2035-06-01,0.0,0.0,2.201976279590948
3544608,hanseniase,2030-06-01,0.0,0.0,6.227490710296545e-09
3544608,hanseniase,2035-06-01,0.0,0.0,1.4765727915057806e-08
3544707,hanseniase,2030-06-01,0.0,0.0,6.669017820925918e-09
3544707,hanseniase,2035-06-01,0.0,0.0,1.6508014489114612e-08
3544806,hanseniase,2030-06-01,0.0,0.0,7.075175436207554e-09
3544806,hanseniase,2035-06-01,0.0,0.0,1.6928302387591425e-08
3544905,hanseniase,2030-06-01,0.8607660591930436,0.0,4.01280951606145
3544905,hanseniase,2035-06-01,1.5214529112622763,0.0,4.78851959926139
3545001,hanseniase,2030-06-01,0.0,0.0,6.663086027543369e-09
3545001,hanseniase,2035-06-01,0.0,0.0,1.549155190386896e-08
3545100,hanseniase,2030-06-01,0.0,0.0,0.2715932816769667
3545100,hanseniase,2035-06-01,0.0,0.0,1.1015908888060486
3545159,hanseniase,2030-06-01,0.0,0.0,6.553068795578294e-09
3545159,hanseniase,2035-06-01,0.0,0.0,1.536872843576634e-08
3545209,hanseniase,2030-06-01,0.0165567555420651,0.0,0.2720397189606718
3545209,hanseniase,2035-06-01,0.0113760082414456,0.0,0.2711585326149117
3545308,hanseniase,2030-06-01,0.0,0.0,0.3877605380412036
3545308,hanseniase,2035-06-01,0.0,0.0,0.3923049550387207
3545407,hanseniase,2030-06-01,0.0,0.0,1.3593936146657188
3545407,hanseniase,2035-06-01,0.0,0.0,1.3070603862502763
3545506,hanseniase,2030-06-01,0.0,0.0,7.284906794836721e-09
3545506,hanseniase,2035-06-01,0.0,0.0,1.4745343030228885e-08
3545605,hanseniase,2030-06-01,0.0,0.0,1.0791909659797772
3545605,hanseniase,2035-06-01,0.0,0.0,1.1355312570959557
3545704,hanseniase,2030-06-01,0.0,0.0,6.6720988264392204e-09
3545704,hanseniase,2035-06-01,0.0,0.0,1.6065143523592253e-08
3545803,hanseniase,2030-06-01,0.0,0.0,0.2444980201939763
3545803,hanseniase,2035-06-01,0.0,0.0,0.2221993691164532
3546009,hanseniase,2030-06-01,0.0,0.0,6.9885252378177254e-09
3546009,hanseniase,2035-06-01,0.0,0.0,1.5911315741072408e-08
3546108,hanseniase,2030-06-01,0.0,0.0,4.759654072894836
3546108,hanseniase,2035-06-01,0.0,0.0,4.458281985692474
3546207,hanseniase,2030-06-01,0.0,0.0,6.897723036515295e-09
3546207,hanseniase,2035-06-01,0.0,0.0,1.5483016272462285e-08
3546256,hanseniase,2030-06-01,0.0,0.0,5.661707842120491e-09
3546256,hanseniase,2035-06-01,0.0,0.0,1.4753221403591629e-08
3546306,hanseniase,2030-06-01,0.0,0.0,0.5218837449509769
3546306,hanseniase,2035-06-01,0.0,0.0,0.489037842073662
3546405,hanseniase,2030-06-01,0.011655643822241,0.0,0.3843229925158078
3546405,hanseniase,2035-06-01,0.0048052523521013,0.0,0.3904264349194739
3546504,hanseniase,2030-06-01,0.1267734489529257,0.0,1.4062895896744931
3546504,hanseniase,2035-06-01,0.139355754492442,0.0,1.5478142401554076
3546603,hanseniase,2030-06-01,5.724055900787145,4.70700091484238,6.721671465195194
3546603,hanseniase,2035-06-01,8.249178841117883,6.763157350595701,9.764467528673446
3546702,hanseniase,2030-06-01,0.05824065686854,0.0,0.7990741367959123
3546702,hanseniase,2035-06-01,0.0496290543713383,0.0,0.8839121807420132
3546801,hanseniase,2030-06-01,0.0111904014393009,0.0,0.4326831069032056
3546801,hanseniase,2035-06-01,0.0,0.0,0.3940974627878632
3546900,hanseniase,2030-06-01,0.0202453909356935,0.0,1.981488467023646
3546900,hanseniase,2035-06-01,0.0333760847690494,0.0,3.093261321096821
3547007,hanseniase,2030-06-01,0.0,0.0,6.437874684026715e-09
3547007,hanseniase,2035-06-01,0.0,0.0,1.4204870303430007e-08
3547106,hanseniase,2030-06-01,0.0,0.0,6.443576259562933e-09
3547106,hanseniase,2035-06-01,0.0,0.0,1.5435167833948382e-08
3547205,hanseniase,2030-06-01,0.0,0.0,6.687760831824641e-09
3547205,hanseniase,2035-06-01,0.0,0.0,1.689329822916557e-08
3547304,hanseniase,2030-06-01,0.051091912770192,0.0,0.345992138914815
3547304,hanseniase,2035-06-01,0.0533036550697936,0.0,0.3598999663985096
3547403,hanseniase,2030-06-01,0.0,0.0,6.3884423186457845e-09
3547403,hanseniase,2035-06-01,0.0,0.0,1.4792932919301058e-08
3547502,hanseniase,2030-06-01,0.0,0.0,0.6539067663800269
3547502,hanseniase,2035-06-01,0.0105783453880845,0.0,0.6591731044999761
3547601,hanseniase,2030-06-01,0.0,0.0,0.8426047109898858
3547601,hanseniase,2035-06-01,0.0,0.0,0.7838732842633657
3547650,hanseniase,2030-06-01,0.0,0.0,4.602736368867449
3547650,hanseniase,2035-06-01,0.0,0.0,4.621558744376069
3547700,hanseniase,2030-06-01,0.0,0.0,1.3255954959930838
3547700,hanseniase,2035-06-01,0.0,0.0,1.1286281052750753
3547809,hanseniase,2030-06-01,0.0,0.0,0.0502599451979104
3547809,hanseniase,2035-06-01,0.0,0.0,0.0343448360925296
3547908,hanseniase,2030-06-01,0.0,0.0,2.862312614181586
3547908,hanseniase,2035-06-01,0.0,0.0,2.752644278685331
3548005,hanseniase,2030-06-01,0.0661085311434624,0.0,0.9216364335445932
3548005,hanseniase,2035-06-01,0.1093244452708678,0.0,0.8967830021305664
3548054,hanseniase,2030-06-01,0.0,0.0,2.3797061870113034
3548054,hanseniase,2035-06-01,0.0,0.0,6.078926242957428
3548104,hanseniase,2030-06-01,0.0142134177953284,0.0,1.3031716482872762
3548104,hanseniase,2035-06-01,0.0,0.0,1.1975063387104845
3548203,hanseniase,2030-06-01,0.0,0.0,7.008716536700312e-09
3548203,hanseniase,2035-06-01,0.0,0.0,1.5584283552454545e-08
3548302,hanseniase,2030-06-01,0.0,0.0,6.624462927461469e-09
3548302,hanseniase,2035-06-01,0.0,0.0,1.5787573141158965e-08
3548401,hanseniase,2030-06-01,0.0,0.0,6.380349225007769e-09
3548401,hanseniase,2035-06-01,0.0,0.0,1.5569644160887928e-08
3548500,hanseniase,2030-06-01,0.1146561276597221,0.0199558738010025,0.2111748851228841
3548500,hanseniase,2035-06-01,0.133654361027253,0.0361948636928173,0.2340823083630331
3548609,hanseniase,2030-06-01,0.0,0.0,0.5898852703331136
3548609,hanseniase,2035-06-01,0.0,0.0,0.5764294472720494
3548708,hanseniase,2030-06-01,0.0080887895409813,0.0,0.0599317828900396
3548708,hanseniase,2035-06-01,0.0032633978399427,0.0,0.0531187372154046
3548807,hanseniase,2030-06-01,0.0040820911426976,0.0,0.1120956110366124
3548807,hanseniase,2035-06-01,0.0019925533203917,0.0,0.1159199177087236
3548906,hanseniase,2030-06-01,0.0,0.0,0.1394290645966656
3548906,hanseniase,2035-06-01,0.0,0.0,0.1216220485601553
3549003,hanseniase,2030-06-01,0.0,0.0,2.679174586182968
3549003,hanseniase,2035-06-01,0.0,0.0,2.22944046587688
3549102,hanseniase,2030-06-01,0.0092623238250433,0.0,0.1548588911588068
3549102,hanseniase,2035-06-01,0.008389655470016,0.0,0.1682459618747334
3549201,hanseniase,2030-06-01,0.0,0.0,2.8058000590175576
3549201,hanseniase,2035-06-01,0.0,0.0,2.590914779314288
3549250,hanseniase,2030-06-01,0.0839061401252087,0.0,6.21130417901522
3549250,hanseniase,2035-06-01,0.0,0.0,5.87245155497494
3549300,hanseniase,2030-06-01,0.0,0.0,6.640550298105747e-09
3549300,hanseniase,2035-06-01,0.0,0.0,1.6148000501681352e-08
3549409,hanseniase,2030-06-01,0.0,0.0,0.1446752285960031
3549409,hanseniase,2035-06-01,0.0,0.0,0.0
3549508,hanseniase,2030-06-01,0.0716502876487441,0.0,4.294852046951641
3549508,hanseniase,2035-06-01,0.1047482680897508,0.0,8.688558437839214
3549607,hanseniase,2030-06-01,0.0,0.0,6.503804640407015e-09
3549607,hanseniase,2035-06-01,0.0,0.0,1.4555791624697373e-08
3549706,hanseniase,2030-06-01,0.0,0.0,0.454658776224656
3549706,hanseniase,2035-06-01,0.0,0.0,0.3908038859323101
3549805,hanseniase,2030-06-01,0.0,0.0,0.1405155501153833
3549805,hanseniase,2035-06-01,0.0,0.0,0.0883742181999085
3549904,hanseniase,2030-06-01,0.0008057591438778,0.0,0.0722081672109963
3549904,hanseniase,2035-06-01,4.381728715434164e-05,0.0,0.0701133010608844
3549953,hanseniase,2030-06-01,0.0710445200732016,0.0,0.530164951863879
3549953,hanseniase,2035-06-01,0.0838100999732399,0.0,0.5103070854667948
3550001,hanseniase,2030-06-01,0.0,0.0,0.6535291907870887
3550001,hanseniase,2035-06-01,0.0,0.0,0.6493591792420618
3550100,hanseniase,2030-06-01,0.0,0.0,0.768502522924563
3550100,hanseniase,2035-06-01,0.0,0.0,0.7056429195186029
3550209,hanseniase,2030-06-01,0.0,0.0,0.3048729405588492
3550209,hanseniase,2035-06-01,0.0,0.0,0.2637357213796765
3550308,hanseniase,2030-06-01,0.0,0.0,0.0320251463103871
3550308,hanseniase,2035-06-01,0.0,0.0,0.0079352091879504
3550407,hanseniase,2030-06-01,0.0144867885409153,0.0,0.5424111525742119
3550407,hanseniase,2035-06-01,0.0042322064185524,0.0,0.5014467487466123
3550506,hanseniase,2030-06-01,0.0,0.0,1.4939839482555628
3550506,hanseniase,2035-06-01,0.0,0.0,1.3329827815416275
3550605,hanseniase,2030-06-01,0.0,0.0,0.2380205578472717
3550605,hanseniase,2035-06-01,0.0,0.0,0.1987723257401311
3550704,hanseniase,2030-06-01,0.0,0.0,0.1721051322966904
3550704,hanseniase,2035-06-01,0.0,0.0,0.0
3550803,hanseniase,2030-06-01,0.0,0.0,0.5309434963458025
3550803,hanseniase,2035-06-01,0.0,0.0,0.5782528989209931
3550902,hanseniase,2030-06-01,0.0715847655218137,0.0,0.9986950254899096
3550902,hanseniase,2035-06-01,0.0725524960348241,0.0,0.9701696800903468
3551009,hanseniase,2030-06-01,0.220403183755296,0.084639913818065,0.3586733418455072
3551009,hanseniase,2035-06-01,0.255195155032558,0.1074785731855116,0.408472168267821
3551108,hanseniase,2030-06-01,0.0,0.0,1.428410463975134
3551108,hanseniase,2035-06-01,0.0,0.0,1.8540261987897089
3551207,hanseniase,2030-06-01,0.0,0.0,1.641513248884606
3551207,hanseniase,2035-06-01,0.0,0.0,1.570744206027855
3551306,hanseniase,2030-06-01,0.0,0.0,4.5000731799474485
3551306,hanseniase,2035-06-01,0.0,0.0,4.721346397565787
3551405,hanseniase,2030-06-01,0.0,0.0,1.909282326942396
3551405,hanseniase,2035-06-01,0.0,0.0,4.203118202009013
3551504,hanseniase,2030-06-01,0.1835439427555685,0.0,1.57575366184786
3551504,hanseniase,2035-06-01,0.2539362568415038,0.0,1.8850889012968284
3551603,hanseniase,2030-06-01,0.0,0.0,0.3719024634024782
3551603,hanseniase,2035-06-01,0.0,0.0,0.355152951726547
3551702,hanseniase,2030-06-01,0.0,0.0,0.3116740723803665
3551702,hanseniase,2035-06-01,0.0,0.0,0.2529884650747527
3551801,hanseniase,2030-06-01,0.0,0.0,0.512655105865446
3551801,hanseniase,2035-06-01,0.0,0.0,0.5324978965960575
3551900,hanseniase,2030-06-01,0.0474761298322159,0.0,0.703575644787572
3551900,hanseniase,2035-06-01,0.0478588386160094,0.0,0.6585232062034119
3552007,hanseniase,2030-06-01,0.0338594141922012,0.0,2.5269580768390933
3552007,hanseniase,2035-06-01,0.0,0.0,2.4089977779786103
3552106,hanseniase,2030-06-01,0.0001906277592095,0.0,0.2748744380060888
3552106,hanseniase,2035-06-01,0.0,0.0,0.2961618660872919
3552205,hanseniase,2030-06-01,0.0,0.0,0.0623517609501502
3552205,hanseniase,2035-06-01,0.0,0.0,0.0571893972117857
3552304,hanseniase,2030-06-01,0.1206736335469332,0.0,1.1038974013494949
3552304,hanseniase,2035-06-01,0.1401070336276246,0.0,1.097481601198785
3552403,hanseniase,2030-06-01,0.0,0.0,0.1125064298281999
3552403,hanseniase,2035-06-01,0.0,0.0,0.0719332362558418
3552502,hanseniase,2030-06-01,0.1049075946751126,0.0,135.28841966554157
3552502,hanseniase,2035-06-01,0.1559605802162877,0.0,347.0588993478266
3552551,hanseniase,2030-06-01,0.0,0.0,2.969049286736986
3552551,hanseniase,2035-06-01,0.0,0.0,3.0667738856493534
3552601,hanseniase,2030-06-01,0.1359171081839109,0.0,1.6982342399267905
3552601,hanseniase,2035-06-01,0.1416119896722901,0.0,1.6028774091443163
3552700,hanseniase,2030-06-01,0.1286520100210212,0.0,1.9284175598432112
3552700,hanseniase,2035-06-01,0.0797808816789505,0.0,1.959649496445164
3552809,hanseniase,2030-06-01,0.0013543893988972,0.0,0.110212522330892
3552809,hanseniase,2035-06-01,0.0,0.0,0.1049920738552672
3552908,hanseniase,2030-06-01,0.0,0.0,1.2861812443180778
3552908,hanseniase,2035-06-01,0.0,0.0,1.261304296894659
3553005,hanseniase,2030-06-01,0.0,0.0,5.701699177302686e-09
3553005,hanseniase,2035-06-01,0.0,0.0,1.3944120306489648e-08
3553104,hanseniase,2030-06-01,0.0,0.0,6.156717574339415e-09
3553104,hanseniase,2035-06-01,0.0,0.0,1.5543734688193194e-08
3553203,hanseniase,2030-06-01,0.0,0.0,1.2855864442555254
3553203,hanseniase,2035-06-01,0.0,0.0,1.2989403023895656
3553302,hanseniase,2030-06-01,0.0,0.0,0.3780151143881093
3553302,hanseniase,2035-06-01,0.0,0.0,0.3933416591480554
3553401,hanseniase,2030-06-01,0.0,0.0,0.8690760523346933
3553401,hanseniase,2035-06-01,0.0,0.0,1.702016136164228
3553500,hanseniase,2030-06-01,0.0,0.0,6.509836184293059e-09
3553500,hanseniase,2035-06-01,0.0,0.0,1.607231633440177e-08
3553609,hanseniase,2030-06-01,0.0,0.0,1.5848334906925088
3553609,hanseniase,2035-06-01,0.0,0.0,1.642267525402365
3553658,hanseniase,2030-06-01,0.0,0.0,6.864021624289131e-09
3553658,hanseniase,2035-06-01,0.0,0.0,1.5781466281015774e-08
3553708,hanseniase,2030-06-01,0.080018294443351,0.0,0.5685611259830426
3553708,hanseniase,2035-06-01,0.1377287904175655,0.0,0.6297589197187586
3553807,hanseniase,2030-06-01,0.0,0.0,0.4402865249311291
3553807,hanseniase,2035-06-01,0.0,0.0,0.2836390811205875
3553856,hanseniase,2030-06-01,0.0,0.0,1.2061148443133518
3553856,hanseniase,2035-06-01,0.0,0.0,1.1486888150202368
3553906,hanseniase,2030-06-01,0.0,0.0,0.9775323479945536
3553906,hanseniase,2035-06-01,0.0,0.0,0.96902167996426
3553955,hanseniase,2030-06-01,0.0,0.0,7.464102204405085e-09
3553955,hanseniase,2035-06-01,0.0,0.0,1.7278288256575597e-08
3554003,hanseniase,2030-06-01,0.0,0.0,0.3026435470224863
3554003,hanseniase,2035-06-01,0.0,0.0,0.2537358250930948
3554102,hanseniase,2030-06-01,0.1495178063282707,0.0,0.3584077672698368
3554102,hanseniase,2035-06-01,0.1684977459845613,0.0,0.3748231322761979
3554201,hanseniase,2030-06-01,0.2118635181956091,0.0,1.7776194846210192
3554201,hanseniase,2035-06-01,0.2475173836274047,0.0,1.7230222352555116
3554300,hanseniase,2030-06-01,0.0,0.0,0.5903995774127374
3554300,hanseniase,2035-06-01,0.0,0.0,0.2802192380273451
3554409,hanseniase,2030-06-01,0.1888637110412004,0.0,1.9324280333235129
3554409,hanseniase,2035-06-01,0.1966517058210004,0.0,1.86573475639784
3554508,hanseniase,2030-06-01,0.0,0.0,0.3072527277898537
3554508,hanseniase,2035-06-01,0.0,0.0,0.3094976794493443
3554607,hanseniase,2030-06-01,0.7222320838566396,0.0,3.0522509409285825
3554607,hanseniase,2035-06-01,0.9245312572931312,0.0,3.396951452484913
3554656,hanseniase,2030-06-01,0.0,0.0,3.685083708299468
3554656,hanseniase,2035-06-01,0.0,0.0,4.283490988269264
3554706,hanseniase,2030-06-01,0.0378517171250657,0.0,3.065107826307349
3554706,hanseniase,2035-06-01,0.0637373997376576,0.0,5.762084088887116
3554755,hanseniase,2030-06-01,0.0,0.0,6.05602462193032e-09
3554755,hanseniase,2035-06-01,0.0,0.0,1.4810190046373869e-08
3554805,hanseniase,2030-06-01,0.0283604627746194,0.0,0.5314945572949142
3554805,hanseniase,2035-06-01,0.0180799535843057,0.0,0.5405214794196773
3554904,hanseniase,2030-06-01,0.0,0.0,1.2876238527206334
3554904,hanseniase,2035-06-01,0.0,0.0,1.1525681602506217
3554953,hanseniase,2030-06-01,0.0,0.0,6.442156244414608e-09
3554953,hanseniase,2035-06-01,0.0,0.0,1.5024522094705897e-08
3555000,hanseniase,2030-06-01,0.0,0.0,0.3657133677634791
3555000,hanseniase,2035-06-01,0.0,0.0,0.060502590418445
3555109,hanseniase,2030-06-01,0.0,0.0,0.9752766323694048
3555109,hanseniase,2035-06-01,0.0,0.0,1.0470606913963294
3555208,hanseniase,2030-06-01,0.0,0.0,6.6765703666032755e-09
3555208,hanseniase,2035-06-01,0.0,0.0,1.5935734526285333e-08
3555307,hanseniase,2030-06-01,0.0,0.0,6.9022498838429505e-09
3555307,hanseniase,2035-06-01,0.0,0.0,1.6558406314613023e-08
3555356,hanseniase,2030-06-01,0.0,0.0,6.8894444353810335e-09
3555356,hanseniase,2035-06-01,0.0,0.0,1.6494380133368766e-08
3555406,hanseniase,2030-06-01,0.0110473211599662,0.0,0.2896148060819016
3555406,hanseniase,2035-06-01,0.0044153897470158,0.0,0.2821764931574023
3555505,hanseniase,2030-06-01,0.0,0.0,6.224941778890304e-09
3555505,hanseniase,2035-06-01,0.0,0.0,1.5325015775812225e-08
3555604,hanseniase,2030-06-01,0.0,0.0,6.286502551323912
3555604,hanseniase,2035-06-01,0.0,0.0,15.457238284718729
3555703,hanseniase,2030-06-01,0.0010496006341612,0.0,165.6533488439468
3555703,hanseniase,2035-06-01,0.0019262076049044,0.0,405.0975219648782
3555802,hanseniase,2030-06-01,0.0,0.0,6.78066804594963e-09
3555802,hanseniase,2035-06-01,0.0,0.0,1.5867290087128872e-08
3555901,hanseniase,2030-06-01,0.0,0.0,6.679936453926899e-09
3555901,hanseniase,2035-06-01,0.0,0.0,1.5294021918970044e-08
3556008,hanseniase,2030-06-01,0.0,0.0,0.8129202729812215
3556008,hanseniase,2035-06-01,0.0,0.0,0.7544049366385597
3556107,hanseniase,2030-06-01,0.2724938583138153,0.0,1.7656251641912108
3556107,hanseniase,2035-06-01,0.2977594779634869,0.0,1.7974359665089328
3556206,hanseniase,2030-06-01,0.0,0.0,2.526580996117393
3556206,hanseniase,2035-06-01,0.0,0.0,6.118853796766579
3556305,hanseniase,2030-06-01,0.0,0.0,0.4963908472259482
3556305,hanseniase,2035-06-01,0.0,0.0,0.4022736604379768
3556354,hanseniase,2030-06-01,0.0,0.0,6.580874259183297e-09
3556354,hanseniase,2035-06-01,0.0,0.0,1.654122152030136e-08
3556404,hanseniase,2030-06-01,0.066776081871187,0.0,0.5479857243516987
3556404,hanseniase,2035-06-01,0.0683724386754583,0.0,0.5284809525620632
3556453,hanseniase,2030-06-01,0.0,0.0,0.2211811813861704
3556453,hanseniase,2035-06-01,0.0,0.0,0.2091651675164716
3556503,hanseniase,2030-06-01,0.0,0.0,0.3510004271474204
3556503,hanseniase,2035-06-01,0.0,0.0,0.1838451948170543
3556602,hanseniase,2030-06-01,0.0995590282448937,0.0,0.8127416704350735
3556602,hanseniase,2035-06-01,0.1170943599415745,0.0,0.7887474146060861
3556701,hanseniase,2030-06-01,0.0,0.0,0.0855719413150476
3556701,hanseniase,2035-06-01,0.0,0.0,0.0
3556800,hanseniase,2030-06-01,0.0,0.0,0.5468467542553935
3556800,hanseniase,2035-06-01,0.0,0.0,0.5166929670949765
3556909,hanseniase,2030-06-01,0.5044436784759027,0.0,6.117789640278984
3556909,hanseniase,2035-06-01,0.6776228521004456,0.0,7.70984395813131
3556958,hanseniase,2030-06-01,0.0,0.0,6.582992868060898e-09
3556958,hanseniase,2035-06-01,0.0,0.0,1.5421171100657267e-08
3557006,hanseniase,2030-06-01,0.0,0.0,6.223374210731634e-09
3557006,hanseniase,2035-06-01,0.0,0.0,1.5068443833018872e-08
3557105,hanseniase,2030-06-01,0.0,0.0,0.4243994552720384
3557105,hanseniase,2035-06-01,0.0,0.0,0.2086979057245846
3557154,hanseniase,2030-06-01,0.0,0.0,4.823926734989421
3557154,hanseniase,2035-06-01,0.0,0.0,4.594885697217028
3557204,hanseniase,2030-06-01,0.0,0.0,6.206444813105762e-09
3557204,hanseniase,2035-06-01,0.0,0.0,1.4771098166452882e-08
3557303,hanseniase,2030-06-01,0.0,0.0,1.6005727130928522
3557303,hanseniase,2035-06-01,0.0,0.0,1.61937964526963
