ds,cod_mun,disease,y_true,y_pred,yhat_lower,yhat_upper
1999-01-01,3537107,sifilis,0.0,0.008868015553014995,0.0,0.6302585037991013
1999-02-01,3537107,sifilis,0.0,0.02089377171764976,0.0,0.5747144003378784
1999-03-01,3537107,sifilis,0.0,0.020149002653793265,0.0,0.6430882074566522
1999-04-01,3537107,sifilis,0.0,0.009774726435815702,0.0,0.5752677941181535
1999-05-01,3537107,sifilis,0.0,0.0,0.0,0.5793561265462642
1999-06-01,3537107,sifilis,0.0,0.009677340958630567,0.0,0.5915669837189299
1999-07-01,3537107,sifilis,0.0,0.00960495127809247,0.0,0.5722653338907554
1999-08-01,3537107,sifilis,0.0,0.013750970132236475,0.0,0.5903776851468304
1999-09-01,3537107,sifilis,0.0,0.005088155970021161,0.0,0.6077338657199685
1999-10-01,3537107,sifilis,0.0,0.0,0.0,0.5478464841926557
1999-11-01,3537107,sifilis,0.0,0.0,0.0,0.5358147539245162
1999-12-01,3537107,sifilis,0.0,0.005669910842770014,0.0,0.5656906353381241
2000-01-01,3537107,sifilis,0.0,0.0025846478600158296,0.0,0.539875278739689
2000-02-01,3537107,sifilis,0.0,0.016814096180410087,0.0,0.6106788546283971
2000-03-01,3537107,sifilis,0.0,0.016240536253857282,0.0,0.6221773181026174
2000-04-01,3537107,sifilis,0.0,0.005204178520203708,0.0,0.5739326997535035
2000-05-01,3537107,sifilis,0.0,0.0,0.0,0.5871403860314541
2000-06-01,3537107,sifilis,0.0,0.0046622607372256725,0.0,0.5583607931207397
2000-07-01,3537107,sifilis,0.0,0.00602940076940926,0.0,0.5793521753700158
2000-08-01,3537107,sifilis,0.0,0.010606593804960658,0.0,0.5933293229532365
2000-09-01,3537107,sifilis,0.0,0.0034373300631567625,0.0,0.5477614185289041
2000-10-01,3537107,sifilis,0.0,0.0,0.0,0.5352589606648732
2000-11-01,3537107,sifilis,0.0,0.0,0.0,0.5639832372107547
2000-12-01,3537107,sifilis,0.0,0.005088818670858438,0.0,0.5597122303913139
2001-01-01,3537107,sifilis,0.0,0.0,0.0,0.5576889837102632
2001-02-01,3537107,sifilis,0.0,0.013421044833359102,0.0,0.5794046392611073
2001-03-01,3537107,sifilis,0.0,0.012005258171315968,0.0,0.5471041901295857
2001-04-01,3537107,sifilis,0.0,0.0019502275053850493,0.0,0.53120010623864
2001-05-01,3537107,sifilis,0.0,0.0,0.0,0.5667969546913036
2001-06-01,3537107,sifilis,0.0,0.004687260638981148,0.0,0.584175559740047
2001-07-01,3537107,sifilis,0.0,0.003972472532962921,0.0,0.5557079739369326
2001-08-01,3537107,sifilis,0.0,0.005850547373129176,0.0,0.6278059542371375
2001-09-01,3537107,sifilis,0.0,0.0005387933908422989,0.0,0.6129660218592875
2001-10-01,3537107,sifilis,0.0,0.0,0.0,0.5705163366445469
2001-11-01,3537107,sifilis,0.0,0.0,0.0,0.5908723575289705
2001-12-01,3537107,sifilis,0.0,0.002207588908576139,0.0,0.5897380393364151
2002-01-01,3537107,sifilis,0.0,0.0,0.0,0.5881955966595747
2002-02-01,3537107,sifilis,0.0,0.009355132578619078,0.0,0.5838015754721707
2002-03-01,3537107,sifilis,0.0,0.009278080671026404,0.0,0.6129025989763762
2002-04-01,3537107,sifilis,0.0,0.002173935583105725,0.0,0.5886437268777098
2002-05-01,3537107,sifilis,0.0,0.0,0.0,0.5628384083153832
2002-06-01,3537107,sifilis,0.0,0.003468847092434696,0.0,0.5744934466058211
2002-07-01,3537107,sifilis,0.0,0.004292743338139124,0.0,0.579802218687874
2002-08-01,3537107,sifilis,0.0,0.004824866701830742,0.0,0.5742259642985261
2002-09-01,3537107,sifilis,0.0,0.00015567866156849334,0.0,0.5503262633963669
2002-10-01,3537107,sifilis,0.0,0.0,0.0,0.5491160825960251
2002-11-01,3537107,sifilis,0.0,0.0,0.0,0.5621213428724577
2002-12-01,3537107,sifilis,0.0,0.0012357825500963614,0.0,0.6057181111175997
2003-01-01,3537107,sifilis,0.0,0.0,0.0,0.6078310104909784
2003-02-01,3537107,sifilis,0.0,0.008259145184969235,0.0,0.5978086169135399
2003-03-01,3537107,sifilis,0.0,0.007903915847149497,0.0,0.5638875566494798
2003-04-01,3537107,sifilis,0.0,0.0009063518368537062,0.0,0.5416096993209146
2003-05-01,3537107,sifilis,0.0,0.0,0.0,0.573244462457719
2003-06-01,3537107,sifilis,0.0,0.0024977706103700794,0.0,0.6017577483358685
2003-07-01,3537107,sifilis,0.0,0.0014945804226381492,0.0,0.5592350437725394
2003-08-01,3537107,sifilis,0.0,0.002820640152304224,0.0,0.6133513078640532
2003-09-01,3537107,sifilis,0.0,0.0007432515782738865,0.0,0.5634923247614049
2003-10-01,3537107,sifilis,0.0,0.0,0.0,0.5572652043582073
2003-11-01,3537107,sifilis,0.0,0.0,0.0,0.5220467498820717
2003-12-01,3537107,sifilis,0.0,0.0027505699583959746,0.0,0.6061899583581248
2004-01-01,3537107,sifilis,0.0,0.0,0.0,0.5946533865587453
2004-02-01,3537107,sifilis,0.0,0.006273003543165988,0.0,0.5936541300967964
2004-03-01,3537107,sifilis,0.0,0.005861065820313896,0.0,0.5824965732216596
2004-04-01,3537107,sifilis,0.0,0.0015505271069467216,0.0,0.5578109533473739
2004-05-01,3537107,sifilis,0.0,0.0,0.0,0.5627459729665477
2004-06-01,3537107,sifilis,0.0,0.0008226464519944596,0.0,0.6174939979394706
2004-07-01,3537107,sifilis,0.0,0.0011508504638510879,0.0,0.5809311187895152
2004-08-01,3537107,sifilis,0.0,0.0028471742414404293,0.0,0.5413899769233295
2004-09-01,3537107,sifilis,0.0,0.0007486031289843834,0.0,0.5769852767995028
2004-10-01,3537107,sifilis,0.0,0.0,0.0,0.5817921440449628
2004-11-01,3537107,sifilis,0.0,0.0,0.0,0.5729190135915141
2004-12-01,3537107,sifilis,0.0,0.0008378678689731989,0.0,0.5765357563285363
2005-01-01,3537107,sifilis,0.0,0.0,0.0,0.621685169392531
2005-02-01,3537107,sifilis,0.0,0.004947206504131742,0.0,0.6153406824692668
2005-03-01,3537107,sifilis,0.0,0.005156416920053943,0.0,0.5811376869531135
2005-04-01,3537107,sifilis,0.0,0.0018216795553666998,0.0,0.5931448183847261
2005-05-01,3537107,sifilis,0.0,0.0,0.0,0.5546891410913416
2005-06-01,3537107,sifilis,0.0,0.0017828015577172022,0.0,0.6282926048501732
2005-07-01,3537107,sifilis,0.0,0.00368444339604263,0.0,0.5696045212042693
2005-08-01,3537107,sifilis,0.0,0.003182668730657976,0.0,0.5597386303439662
2005-09-01,3537107,sifilis,0.0,0.0,0.0,0.5724052167768252
2005-10-01,3537107,sifilis,0.0,0.0,0.0,0.6121521189965435
2005-11-01,3537107,sifilis,0.0,0.0,0.0,0.5626924702333246
2005-12-01,3537107,sifilis,0.0,0.0009670068983113604,0.0,0.5819023585891266
2006-01-01,3537107,sifilis,0.0,1.5855691210856597e-05,0.0,0.5717545483663531
2006-02-01,3537107,sifilis,0.0,0.004476480351119008,0.0,0.5641365498098538
2006-03-01,3537107,sifilis,0.0,0.0045288962807407684,0.0,0.5723007531712199
2006-04-01,3537107,sifilis,0.0,0.0006144056337010085,0.0,0.5805510043330515
2006-05-01,3537107,sifilis,0.0,0.0,0.0,0.5899376707473784
2006-06-01,3537107,sifilis,0.0,0.00118701220082787,0.0,0.5816373361953393
2006-07-01,3537107,sifilis,0.0,0.002101987714572623,0.0,0.5766452171192414
2006-08-01,3537107,sifilis,0.0,0.0024191512359190916,0.0,0.5793509097598196
2006-09-01,3537107,sifilis,0.0,0.0012643343007269576,0.0,0.5774590828015406
2006-10-01,3537107,sifilis,0.0,0.0,0.0,0.5663223074314732
2006-11-01,3537107,sifilis,0.0,0.0,0.0,0.5632219576696225
2006-12-01,3537107,sifilis,0.0,0.0017808390797769934,0.0,0.5545026817819935
2007-01-01,3537107,sifilis,0.0,0.0006479596677872271,0.0,0.5520539956169509
2007-02-01,3537107,sifilis,0.0,0.0030513819654345176,0.0,0.5904808550122371
2007-03-01,3537107,sifilis,0.0,0.002918116072996302,0.0,0.6342035136273192
2007-04-01,3537107,sifilis,0.0,0.0015119553448478397,0.0,0.5901526505668588
2007-05-01,3537107,sifilis,0.0,0.0,0.0,0.59024404079486
2007-06-01,3537107,sifilis,0.0,0.0012837877666876398,0.0,0.5838791295661152
2007-07-01,3537107,sifilis,0.0,0.0011466845265876544,0.0,0.6018601387050693
2007-08-01,3537107,sifilis,0.0,0.0012435939045359636,0.0,0.5645942170430982
2007-09-01,3537107,sifilis,0.0,0.0006979711345116967,0.0,0.5990307630049457
2007-10-01,3537107,sifilis,0.0,0.0,0.0,0.6061332185139552
2007-11-01,3537107,sifilis,0.0,0.0,0.0,0.6073997103598633
2007-12-01,3537107,sifilis,0.0,0.0006723904085926862,0.0,0.5751790069981312
2008-01-01,3537107,sifilis,0.0,0.00022343674885214626,0.0,0.5312155619964997
2008-02-01,3537107,sifilis,0.0,0.001227677533921221,0.0,0.5960681508342023
2008-03-01,3537107,sifilis,0.0,0.000875662587559446,0.0,0.5571618477602672
2008-04-01,3537107,sifilis,0.0,0.00033562629172499296,0.0,0.5810948395224
2008-05-01,3537107,sifilis,0.0,0.0,0.0,0.5263546682511405
2008-06-01,3537107,sifilis,0.0,0.0002224274378261257,0.0,0.5430169498092903
2008-07-01,3537107,sifilis,0.0,0.00012198846313128553,0.0,0.5775893018784004
2008-08-01,3537107,sifilis,0.0,6.74519317258585e-05,0.0,0.590838455392492
2008-09-01,3537107,sifilis,0.0,0.0,0.0,0.5607732986608533
2008-10-01,3537107,sifilis,0.0,0.00014090492635505125,0.0,0.5447728650167312
2008-11-01,3537107,sifilis,0.0,9.219836536605062e-05,0.0,0.5526401238189403
2008-12-01,3537107,sifilis,0.0,0.0,0.0,0.5870326989420181
2009-01-01,3537107,sifilis,0.0,0.0,0.0,0.5854902602153249
2009-02-01,3537107,sifilis,0.0,0.0,0.0,0.567544229396327
2009-03-01,3537107,sifilis,0.0,0.0,0.0,0.5576698375942777
2009-04-01,3537107,sifilis,0.0,0.0,0.0,0.5746208171923786
2009-05-01,3537107,sifilis,0.0,0.0008533551594424925,0.0,0.5799596454984897
2009-06-01,3537107,sifilis,0.0,0.0,0.0,0.6108746159557656
2009-07-01,3537107,sifilis,0.0,0.0,0.0,0.6224752476816026
2009-08-01,3537107,sifilis,0.0,0.0,0.0,0.5640414328126251
2009-09-01,3537107,sifilis,0.0,0.0,0.0,0.5467435108497037
2009-10-01,3537107,sifilis,0.0,0.00157008198933619,0.0,0.5484374931943127
2009-11-01,3537107,sifilis,0.0,0.00015133885975021231,0.0,0.572968904697679
2009-12-01,3537107,sifilis,0.0,0.0,0.0,0.6163020653691841
2010-01-01,3537107,sifilis,0.0,0.0,0.0,0.5719595723872599
2010-02-01,3537107,sifilis,0.0,0.0,0.0,0.5713357137129504
2010-03-01,3537107,sifilis,0.0,0.0,0.0,0.5803025051770855
2010-04-01,3537107,sifilis,0.0,0.0,0.0,0.5936383197688913
2010-05-01,3537107,sifilis,0.0,0.0017528002960603953,0.0,0.5938965762320961
2010-06-01,3537107,sifilis,0.0,0.0,0.0,0.5859764852449195
2010-07-01,3537107,sifilis,0.0,0.0,0.0,0.5635872512417857
2010-08-01,3537107,sifilis,0.0,0.0,0.0,0.5687870960447535
2010-09-01,3537107,sifilis,0.0,2.6779135023204073e-05,0.0,0.5611285591989905
2010-10-01,3537107,sifilis,0.0,0.0038804471327076417,0.0,0.5514142698808496
2010-11-01,3537107,sifilis,0.0,0.0017252756632753646,0.0,0.5871336536362549
2010-12-01,3537107,sifilis,0.0,0.0,0.0,0.6098684781458282
2011-01-01,3537107,sifilis,0.0,0.0,0.0,0.5324056783756311
2011-02-01,3537107,sifilis,0.0,0.0,0.0,0.5375654437025715
2011-03-01,3537107,sifilis,0.0,0.0,0.0,0.5515180265853922
2011-04-01,3537107,sifilis,0.0,0.0,0.0,0.5803443622433027
2011-05-01,3537107,sifilis,0.0,0.005465900926087582,0.0,0.6177162408911243
2011-06-01,3537107,sifilis,0.0,0.0,0.0,0.5805474424759289
2011-07-01,3537107,sifilis,0.0,0.0,0.0,0.5878890056557574
2011-08-01,3537107,sifilis,0.0,0.0,0.0,0.5717969631591706
2011-09-01,3537107,sifilis,0.0,0.0,0.0,0.5608533334046917
2011-10-01,3537107,sifilis,0.0,0.007347215843364436,0.0,0.5878682861275557
2011-11-01,3537107,sifilis,0.0,0.0038915558283476232,0.0,0.6263675256541239
2011-12-01,3537107,sifilis,0.0,0.0,0.0,0.5567129151570734
2012-01-01,3537107,sifilis,0.0,0.001954618695428367,0.0,0.5353847121741047
2012-02-01,3537107,sifilis,0.0,0.0,0.0,0.5438779426246166
2012-03-01,3537107,sifilis,0.0,0.0,0.0,0.5801957157190357
2012-04-01,3537107,sifilis,0.0,0.0,0.0,0.6040772696990764
2012-05-01,3537107,sifilis,0.0,0.00949186437706937,0.0,0.6144771828546686
2012-06-01,3537107,sifilis,0.0,0.0,0.0,0.5501982535378634
2012-07-01,3537107,sifilis,0.0,0.0,0.0,0.6077273040676887
2012-08-01,3537107,sifilis,0.0,0.00037181036407211185,0.0,0.5790024818838803
2012-09-01,3537107,sifilis,0.0,0.0014191566579073375,0.0,0.5930522336091061
2012-10-01,3537107,sifilis,0.0,0.010682387375757564,0.0,0.5845136988050721
2012-11-01,3537107,sifilis,0.0,0.006574083336945159,0.0,0.5807648346110726
2012-12-01,3537107,sifilis,0.0,0.0,0.0,0.5800035600074614
2013-01-01,3537107,sifilis,0.0,0.004123449885738073,0.0,0.607929016605
2013-02-01,3537107,sifilis,0.0,0.0,0.0,0.5621125307501714
2013-03-01,3537107,sifilis,0.0,0.0,0.0,0.5328212217927142
2013-04-01,3537107,sifilis,0.0,0.00039842111331002,0.0,0.6041100014602226
2013-05-01,3537107,sifilis,0.0,0.013141001266160638,0.0,0.6012326164742238
2013-06-01,3537107,sifilis,0.0,0.0,0.0,0.5642329814652998
2013-07-01,3537107,sifilis,0.0,0.0015040218087402047,0.0,0.6238222335164341
2013-08-01,3537107,sifilis,0.0,0.0,0.0,0.5544645726476243
2013-09-01,3537107,sifilis,0.0,0.004005660078543627,0.0,0.5744038848814237
2013-10-01,3537107,sifilis,0.0,0.018045364542285038,0.0,0.5919627947580941
2013-11-01,3537107,sifilis,0.0,0.009712776593896893,0.0,0.6033927273360324
2013-12-01,3537107,sifilis,0.0,0.0017487204683716603,0.0,0.57681340763593
2014-01-01,3537107,sifilis,0.0,0.007708060476686507,0.0,0.6060056336185017
2014-02-01,3537107,sifilis,0.0,0.0,0.0,0.568386400949842
2014-03-01,3537107,sifilis,0.0,0.0,0.0,0.5742323262583033
2014-04-01,3537107,sifilis,0.0,0.0033908956837750597,0.0,0.5685299847099154
2014-05-01,3537107,sifilis,0.0,0.040412146334299716,0.0,0.6249171945098394
2014-06-01,3537107,sifilis,0.0,0.00428889505522925,0.0,0.5982957740961999
2014-07-01,3537107,sifilis,0.0,0.0033372080494826436,0.0,0.5937100462280944
2014-08-01,3537107,sifilis,0.0,0.0038717391064904435,0.0,0.5334732528738617
2014-09-01,3537107,sifilis,0.0,0.030433594137593858,0.0,0.5814127135377662
2014-10-01,3537107,sifilis,0.0,0.08503157901950473,0.0,0.7003556792249583
2014-11-01,3537107,sifilis,0.0,0.06487662466602015,0.0,0.6208262521243005
2014-12-01,3537107,sifilis,0.0,0.02072492018207953,0.0,0.5678196560771869
2015-01-01,3537107,sifilis,0.0,0.042973724456333844,0.0,0.5941058255168994
2015-02-01,3537107,sifilis,0.0,0.0,0.0,0.5332698232123602
2015-03-01,3537107,sifilis,0.0,0.0,0.0,0.5783889082303473
2015-04-01,3537107,sifilis,0.0,0.04366185840942649,0.0,0.5713928878471272
2015-05-01,3537107,sifilis,0.0,0.1515314113790281,0.0,0.7665520115512648
2015-06-01,3537107,sifilis,0.0,0.036353501061670145,0.0,0.593014273554982
2015-07-01,3537107,sifilis,0.0,0.030950160496388903,0.0,0.6012586168080009
2015-08-01,3537107,sifilis,0.0,0.0042193542372723465,0.0,0.5854823021554312
2015-09-01,3537107,sifilis,0.0,0.05390151222031626,0.0,0.6353005273174737
2015-10-01,3537107,sifilis,0.0,0.2019775488918899,0.0,0.7602079033818401
2015-11-01,3537107,sifilis,0.0,0.1208329186719106,0.0,0.7139398826346167
2015-12-01,3537107,sifilis,0.0,0.05562022314749389,0.0,0.6087724869763284
2016-01-01,3537107,sifilis,0.0,0.12034249134674473,0.0,0.683076183863714
2016-02-01,3537107,sifilis,0.0,0.0,0.0,0.5773793106594517
2016-03-01,3537107,sifilis,0.0,0.0,0.0,0.5495112165630519
2016-04-01,3537107,sifilis,0.0,0.05348397084296332,0.0,0.6545185574474782
2016-05-01,3537107,sifilis,0.0,0.30382775866758804,0.0,0.9000382062747724
2016-06-01,3537107,sifilis,0.0,0.08747938484067952,0.0,0.6723682266720082
2016-07-01,3537107,sifilis,0.0,0.0736128217971009,0.0,0.6162127465644921
2016-08-01,3537107,sifilis,0.0,0.027694555589099848,0.0,0.6024003295780718
2016-09-01,3537107,sifilis,0.0,0.12196926547484638,0.0,0.7213916253045802
2016-10-01,3537107,sifilis,0.0,0.29356682016300295,0.0,0.9025199780172031
2016-11-01,3537107,sifilis,0.0,0.23898758801811326,0.0,0.8805468338585882
2016-12-01,3537107,sifilis,0.0,0.08443540255815139,0.0,0.6844774565509781
2017-01-01,3537107,sifilis,0.0,0.13484787719124902,0.0,0.6988330089335196
2017-02-01,3537107,sifilis,0.0,0.0,0.0,0.4877844758932813
2017-03-01,3537107,sifilis,0.0,0.0,0.0,0.5356013957310721
2017-04-01,3537107,sifilis,0.0,0.09325638142907032,0.0,0.7009213790734555
2017-05-01,3537107,sifilis,0.0,0.41016529730875856,0.0,0.9426547350841928
2017-06-01,3537107,sifilis,0.0,0.07478687383787541,0.0,0.6862691855972971
2017-07-01,3537107,sifilis,0.0,0.17393249792789828,0.0,0.7657880053088699
2017-08-01,3537107,sifilis,0.0,0.040352057176400384,0.0,0.6096494438015664
2017-09-01,3537107,sifilis,2.146014850422765,0.21152475101272847,0.0,0.7458635798957339
2017-10-01,3537107,sifilis,2.146014850422765,0.5159919781789205,0.0,1.0863392493209383
2017-11-01,3537107,sifilis,0.0,0.40019451328454597,0.0,0.9921345251541138
2017-12-01,3537107,sifilis,0.0,0.1762596644893879,0.0,0.7534698186901204
2018-01-01,3537107,sifilis,0.0,0.26808057935618723,0.0,0.8491269603962872
2018-02-01,3537107,sifilis,0.0,0.0,0.0,0.5190239050631483
2018-03-01,3537107,sifilis,0.0,0.0,0.0,0.49305760024248746
2018-04-01,3537107,sifilis,0.0,0.21098155131650465,0.0,0.818743499676609
2018-05-01,3537107,sifilis,2.11144190367602,0.546859162091147,0.0,1.1553757292971845
2018-06-01,3537107,sifilis,0.0,0.16102109838885023,0.0,0.7456459815888001
2018-07-01,3537107,sifilis,0.0,0.16022209118781414,0.0,0.718469277689943
2018-08-01,3537107,sifilis,0.0,0.11937572870211081,0.0,0.6397603755297261
2018-09-01,3537107,sifilis,0.0,0.21987428021367775,0.0,0.8335077629848361
2018-10-01,3537107,sifilis,0.0,0.6501874130176929,0.04593555388221811,1.2524420939978225
2018-11-01,3537107,sifilis,0.0,0.4589227162259934,0.0,0.9976486167381111
2018-12-01,3537107,sifilis,0.0,0.21271904532121624,0.0,0.747443823880542
2019-01-01,3537107,sifilis,0.0,0.3074509922741611,0.0,0.9034221075362783
2019-02-01,3537107,sifilis,0.0,0.0,0.0,0.48978068973554784
2019-03-01,3537107,sifilis,0.0,0.0,0.0,0.5586992298238974
2019-04-01,3537107,sifilis,0.0,0.22587426434121627,0.0,0.8272875370013804
2019-05-01,3537107,sifilis,0.0,0.7395315530231598,0.1955603933424599,1.3602327399775076
2019-06-01,3537107,sifilis,0.0,0.22726084447714473,0.0,0.7927470132259384
2019-07-01,3537107,sifilis,0.0,0.2763158078161559,0.0,0.8559069153376458
2019-08-01,3537107,sifilis,0.0,0.1525569626868903,0.0,0.7237475059588587
2019-09-01,3537107,sifilis,2.086854900978735,0.29111219708323016,0.0,0.8735650637536596
2019-10-01,3537107,sifilis,0.0,0.8740151620041877,0.2694451665216637,1.460546178706349
2019-11-01,3537107,sifilis,0.0,0.5595335009709439,0.02310186961381949,1.1410408353895747
2019-12-01,3537107,sifilis,0.0,0.31863217054510723,0.0,0.8840193641245866
2020-01-01,3537107,sifilis,0.0,0.526367281562004,0.0,1.1033011281539518
2020-02-01,3537107,sifilis,0.0,0.0,0.0,0.5729664041564663
2020-03-01,3537107,sifilis,0.0,0.09018213873940367,0.0,0.6693235462452776
2020-04-01,3537107,sifilis,0.0,0.3752925881704474,0.0,0.95923274105363
2020-05-01,3537107,sifilis,0.0,0.9980131718930704,0.4177403227532035,1.5660202116390969
2020-06-01,3537107,sifilis,0.0,0.34273955655660415,0.0,0.9095789609422332
2020-07-01,3537107,sifilis,0.0,0.43458622575546235,0.0,0.9996411428172708
2020-08-01,3537107,sifilis,0.0,0.23446672382626288,0.0,0.8014948125867801
2020-09-01,3537107,sifilis,0.0,0.36276515416100824,0.0,0.880732559188575
2020-10-01,3537107,sifilis,0.0,0.9893292736370289,0.43500560427042434,1.5444997381256456
2020-11-01,3537107,sifilis,2.063429833068526,0.7585404480682062,0.22074063100037966,1.3672147120005136
2020-12-01,3537107,sifilis,0.0,0.3668206682043432,0.0,0.9268436652338289
2021-01-01,3537107,sifilis,0.0,0.6041963902845281,0.01847688879181838,1.1565008697502044
2021-02-01,3537107,sifilis,0.0,0.04782204439216504,0.0,0.606082074038633
2021-03-01,3537107,sifilis,0.0,0.022394086786357903,0.0,0.5986112481257724
2021-04-01,3537107,sifilis,2.041149575440889,0.4542823232424794,0.0,1.037621831231737
2021-05-01,3537107,sifilis,4.082299150881777,1.1041582496058124,0.4977091988720766,1.655075690300314
2021-06-01,3537107,sifilis,2.041149575440889,0.3082370782882026,0.0,0.8861640789810324
2021-07-01,3537107,sifilis,0.0,0.4394321446027047,0.0,0.9594806621635937
2021-08-01,3537107,sifilis,2.041149575440889,0.22743992796873153,0.0,0.7927788863476007
2021-09-01,3537107,sifilis,0.0,0.3473860093447278,0.0,0.9317064339084353
2021-10-01,3537107,sifilis,2.041149575440889,1.0963459802763997,0.5264340465166043,1.7178916338522225
2021-11-01,3537107,sifilis,0.0,0.8030747370754875,0.2022869081476896,1.3966735695203334
2021-12-01,3537107,sifilis,2.041149575440889,0.3720463760701989,0.0,0.9395680175749725
2022-01-01,3537107,sifilis,2.321047256522143,0.414476843702744,0.0,0.987376432839905
2022-02-01,3537107,sifilis,0.0,0.0,0.0,0.41206916850893
2022-03-01,3537107,sifilis,0.0,0.0,0.0,0.41864239779658274
2022-04-01,3537107,sifilis,0.0,0.3229563463674277,0.0,0.8729557649313184
2022-05-01,3537107,sifilis,0.0,1.021745059401072,0.4719125857471429,1.5912297269974893
2022-06-01,3537107,sifilis,0.0,0.21922832200506187,0.0,0.8425935368656212
2022-07-01,3537107,sifilis,2.321047256522143,0.22474067465022868,0.0,0.8161271152293396
2022-08-01,3537107,sifilis,0.0,0.26198491312569033,0.0,0.8334870104763842
2022-09-01,3537107,sifilis,0.0,0.43375365629926693,0.0,0.9974031983815418
2022-10-01,3537107,sifilis,2.321047256522143,1.1589477268427668,0.6039090821784431,1.7615788253717082
2022-11-01,3537107,sifilis,2.321047256522143,0.8954452728587641,0.33233335765707767,1.5057170196356153
2022-12-01,3537107,sifilis,0.0,0.2879764062048404,0.0,0.8746352797287591
2023-01-01,3537107,sifilis,0.0,0.5475216244259309,0.0,1.1289611361820449
2023-02-01,3537107,sifilis,0.0,0.0,0.0,0.373025865895276
2023-03-01,3537107,sifilis,0.0,0.0,0.0,0.44929190811953307
2023-04-01,3537107,sifilis,0.0,0.37671710035859146,0.0,0.9612920857389938
2023-05-01,3537107,sifilis,0.0,1.1442285929491096,0.5944246982793571,1.7206670276162248
2023-06-01,3537107,sifilis,0.0,0.20671954130482226,0.0,0.8253955759613903
2023-07-01,3537107,sifilis,0.0,0.3255535445091386,0.0,0.887813982389023
2023-08-01,3537107,sifilis,0.0,0.17833526469330083,0.0,0.7779133571660213
2023-09-01,3537107,sifilis,0.0,0.19728839763910372,0.0,0.7701888488175329
2023-10-01,3537107,sifilis,0.0,1.2220289643153672,0.6461822808512104,1.7754785828380155
2023-11-01,3537107,sifilis,0.0,0.6466904197772466,0.05659113703332985,1.2207075539032455
2023-12-01,3537107,sifilis,0.0,0.27910131346396344,0.0,0.8949945310492678
2024-01-01,3537107,sifilis,,0.5640657477350312,0.030863807037425372,1.1095311587809549
2024-02-01,3537107,sifilis,,0.0,0.0,0.39405153904514384
2024-03-01,3537107,sifilis,,0.0,0.0,0.39094548947540825
2024-04-01,3537107,sifilis,,0.17696431101708351,0.0,0.8003404887723671
2024-05-01,3537107,sifilis,,1.0337652966226731,0.47146196379905175,1.6124217815186246
2024-06-01,3537107,sifilis,,0.0,0.0,0.4939492774000501
2024-07-01,3537107,sifilis,,0.0,0.0,0.48845349111186237
2024-08-01,3537107,sifilis,,0.0,0.0,0.44025745963750423
2024-09-01,3537107,sifilis,,0.30659255971489013,0.0,0.8638382498978049
2024-10-01,3537107,sifilis,,1.3561084655768387,0.7595204671648597,1.954646635309955
2024-11-01,3537107,sifilis,,0.8703630942647064,0.3003948101489526,1.4517849348698157
2024-12-01,3537107,sifilis,,0.3160986727545339,0.0,0.8937408408504345
2025-01-01,3537107,sifilis,,0.6300463504774535,0.06972317420247681,1.2229122594330393
2025-02-01,3537107,sifilis,,0.0,0.0,0.36923252844896415
2025-03-01,3537107,sifilis,,0.0,0.0,0.40184372006717317
2025-04-01,3537107,sifilis,,0.20522191948430044,0.0,0.7937246037394098
2025-05-01,3537107,sifilis,,1.129929289491349,0.589945204460579,1.6901630515659416
2025-06-01,3537107,sifilis,,0.0,0.0,0.4393390342811224
2025-07-01,3537107,sifilis,,0.0,0.0,0.49638522385493283
2025-08-01,3537107,sifilis,,0.0,0.0,0.46577671124683023
2025-09-01,3537107,sifilis,,0.3471482797945525,0.0,0.9154259834047703
2025-10-01,3537107,sifilis,,1.48819698725087,0.9257423627515188,2.0753704248561533
2025-11-01,3537107,sifilis,,0.9437358737933927,0.37196421041370875,1.5206479287247796
2025-12-01,3537107,sifilis,,0.3419544415607143,0.0,0.9394935242536642
2026-01-01,3537107,sifilis,,0.6845272261127077,0.08125657567621401,1.289679241946205
2026-02-01,3537107,sifilis,,0.0,0.0,0.28378316049084457
2026-03-01,3537107,sifilis,,0.0,0.0,0.31531439466471906
2026-04-01,3537107,sifilis,,0.23519534222278626,0.0,0.8028950120503889
2026-05-01,3537107,sifilis,,1.2242815124410615,0.6185575524067177,1.7911398059876442
2026-06-01,3537107,sifilis,,0.0,0.0,0.43838106661777787
2026-07-01,3537107,sifilis,,0.0,0.0,0.43077296086255723
2026-08-01,3537107,sifilis,,0.0,0.0,0.41664190489877917
2026-09-01,3537107,sifilis,,0.3899265017788358,0.0,0.9671156815730056
2026-10-01,3537107,sifilis,,1.6203325490930163,1.0596858798916167,2.1762822400121875
2026-11-01,3537107,sifilis,,1.0154717887213809,0.457723996206901,1.5463162820166665
2026-12-01,3537107,sifilis,,0.36746110300965246,0.0,0.9287390829417745
2027-01-01,3537107,sifilis,,0.7383952219291837,0.19476007748581695,1.320758356365255
2027-02-01,3537107,sifilis,,0.0,0.0,0.32356997912162866
2027-03-01,3537107,sifilis,,0.0,0.0,0.35127754824112295
2027-04-01,3537107,sifilis,,0.2668011168741792,0.0,0.8383532133828441
2027-05-01,3537107,sifilis,,1.316593507346285,0.774396380044578,1.9047131138043656
2027-06-01,3537107,sifilis,,0.0,0.0,0.4241169890412152
2027-07-01,3537107,sifilis,,0.0,0.0,0.4557865788267551
2027-08-01,3537107,sifilis,,0.0,0.0,0.4016403913474307
2027-09-01,3537107,sifilis,,0.4349471966966694,0.0,1.0506775778173743
2027-10-01,3537107,sifilis,,1.7523104858673646,1.1543515194825444,2.295623054381752
2027-11-01,3537107,sifilis,,1.085506328160778,0.5312055998418098,1.6655744142092066
2027-12-01,3537107,sifilis,,0.3926802386637692,0.0,0.9705943404353652
2028-01-01,3537107,sifilis,,0.7916444920653011,0.2149102597177788,1.4023065830260062
2028-02-01,3537107,sifilis,,0.0,0.0,0.2742328847715327
2028-03-01,3537107,sifilis,,0.0,0.0,0.24232033188695692
2028-04-01,3537107,sifilis,,0.24661231886154197,0.0,0.8608763850100973
2028-05-01,3537107,sifilis,,1.437363567223254,0.8782247968857961,2.0027025942659282
2028-06-01,3537107,sifilis,,0.0,0.0,0.4730202290775352
2028-07-01,3537107,sifilis,,0.0,0.0,0.42700778225529984
2028-08-01,3537107,sifilis,,0.0,0.0,0.3596867241992625
2028-09-01,3537107,sifilis,,0.422481996270712,0.0,1.009502856674315
2028-10-01,3537107,sifilis,,1.8647582276361832,1.2528109809817858,2.389914237672279
2028-11-01,3537107,sifilis,,1.1942416527115127,0.683147146007802,1.7605480798718995
2028-12-01,3537107,sifilis,,0.4328329913849789,0.0,1.0319018029795806
2029-01-01,3537107,sifilis,,0.8609116008853872,0.24981669199850656,1.42509835476151
2029-02-01,3537107,sifilis,,0.0,0.0,0.2951801489110853
2029-03-01,3537107,sifilis,,0.0,0.0,0.2744366906471667
2029-04-01,3537107,sifilis,,0.2787605830333457,0.0,0.8842776808082867
2029-05-01,3537107,sifilis,,1.5318675887712496,0.9219778534453147,2.0864065151860345
2029-06-01,3537107,sifilis,,0.0,0.0,0.44923187176313806
2029-07-01,3537107,sifilis,,0.0,0.0,0.47336512925168184
2029-08-01,3537107,sifilis,,0.0,0.0,0.3241309564339348
2029-09-01,3537107,sifilis,,0.4670451876701963,0.0,1.0732861302657886
2029-10-01,3537107,sifilis,,1.998565970976076,1.4169661934618754,2.601113969718964
2029-11-01,3537107,sifilis,,1.2650468207952081,0.6947471105458727,1.8642585744467284
2029-12-01,3537107,sifilis,,0.4575703699666025,0.0,1.010147207480057
2030-01-01,3537107,sifilis,,0.9143196179110699,0.33878244548108255,1.4653397712535392
2030-02-01,3537107,sifilis,,0.0,0.0,0.230167346178635
2030-03-01,3537107,sifilis,,0.0,0.0,0.28066420455687413
2030-04-01,3537107,sifilis,,0.3125496138241011,0.0,0.8787003516039269
2030-05-01,3537107,sifilis,,1.62423891821513,1.0382023461173964,2.229271972175918
2030-06-01,3537107,sifilis,,0.0,0.0,0.44814939466255355
2030-07-01,3537107,sifilis,,0.0,0.0,0.45464489224679083
2030-08-01,3537107,sifilis,,0.0,0.0,0.3679017473176935
2030-09-01,3537107,sifilis,,0.5139008722062606,0.0,1.0934155765677274
2030-10-01,3537107,sifilis,,2.132164264981055,1.523382562474237,2.670269915160692
2030-11-01,3537107,sifilis,,1.3341040665971653,0.7535580920952174,1.8850532193418201
2030-12-01,3537107,sifilis,,0.4820240206755064,0.0,1.0789992320328685
2031-01-01,3537107,sifilis,,0.9670909631488566,0.35371672711889396,1.5032473152469594
2031-02-01,3537107,sifilis,,0.0,0.0,0.18652371719800262
2031-03-01,3537107,sifilis,,0.0,0.0,0.24511335990754682
2031-04-01,3537107,sifilis,,0.3478876776110098,0.0,0.9685700148304166
2031-05-01,3537107,sifilis,,1.7142527426366823,1.1345656318659418,2.342450151539533
2031-06-01,3537107,sifilis,,0.0,0.0,0.3809160229323215
2031-07-01,3537107,sifilis,,0.0,0.0,0.4111013921997503
2031-08-01,3537107,sifilis,,0.0,0.0,0.3364666849628403
2031-09-01,3537107,sifilis,,0.5630594521270798,0.007931053357133743,1.1016894840914053
2031-10-01,3537107,sifilis,,2.265344805275579,1.652710814544067,2.824388069654291
2031-11-01,3537107,sifilis,,1.4013543277168616,0.7945264693163906,1.9985904616854782
2031-12-01,3537107,sifilis,,0.5062591638636407,0.0,1.072260228419567
2032-01-01,3537107,sifilis,,1.0192232363956077,0.4991461641100063,1.6391152450627433
2032-02-01,3537107,sifilis,,0.0,0.0,0.19131793382880982
2032-03-01,3537107,sifilis,,0.0,0.0,0.20923449954786486
2032-04-01,3537107,sifilis,,0.31626032670617465,0.0,0.9112007684387877
2032-05-01,3537107,sifilis,,1.840961837823855,1.2471832356272707,2.4346219557709614
2032-06-01,3537107,sifilis,,0.0,0.0,0.4030879722681754
2032-07-01,3537107,sifilis,,0.0,0.0,0.4072748114720835
2032-08-01,3537107,sifilis,,0.0,0.0,0.3437205890222452
2032-09-01,3537107,sifilis,,0.5383714328262272,0.0,1.1251446440955686
2032-10-01,3537107,sifilis,,2.373407989695909,1.746807631908906,2.975540814113906
2032-11-01,3537107,sifilis,,1.5181202111585639,0.8723835727303513,2.090589086801259
2032-12-01,3537107,sifilis,,0.5495673100153832,0.0,1.132679756103166
2033-01-01,3537107,sifilis,,1.091776851293446,0.480872278260997,1.6927899410491647
2033-02-01,3537107,sifilis,,0.0,0.0,0.16616149339950653
2033-03-01,3537107,sifilis,,0.0,0.0,0.20277044160359603
2033-04-01,3537107,sifilis,,0.35229924658285894,0.0,0.8724265471046764
2033-05-01,3537107,sifilis,,1.9338058880513633,1.3813308702312812,2.538227933316242
2033-06-01,3537107,sifilis,,0.0,0.0,0.3808796812531946
2033-07-01,3537107,sifilis,,0.0,0.0,0.41544329364727434
2033-08-01,3537107,sifilis,,0.0,0.0,0.32324268078127677
2033-09-01,3537107,sifilis,,0.5869420955463521,0.0,1.1199713253678212
2033-10-01,3537107,sifilis,,2.5089349547013504,1.9141546787306976,3.126036857388217
2033-11-01,3537107,sifilis,,1.5863577677972436,1.0226511299669026,2.178012137676654
2033-12-01,3537107,sifilis,,0.5731862983723006,0.011417176395237618,1.1442440518766048
