ds,y_pred,yhat_lower,yhat_upper,y_true,cod_mun
1999-01-01,0.02730546860147576,0.0,0.7875124860454422,0.0,3502903
1999-02-01,0.028725641821749633,0.0,0.7421989740349922,0.0,3502903
1999-03-01,0.02763786594202831,0.0,0.6739451462506196,0.0,3502903
1999-04-01,0.029114056225964306,0.0,0.7407738077768725,0.0,3502903
1999-05-01,0.02879069417232922,0.0,0.8201411225484281,0.0,3502903
1999-06-01,0.02932860157937375,0.0,0.763567219051092,0.0,3502903
1999-07-01,0.029807965094551747,0.0,0.7723869717887678,0.0,3502903
1999-08-01,0.03193348568994575,0.0,0.8275619987524149,0.0,3502903
1999-09-01,0.03057953215207797,0.0,0.7414713103726581,0.0,3502903
1999-10-01,0.031860371629935845,0.0,0.7860986948761305,0.0,3502903
1999-11-01,0.032296500735868636,0.0,0.817906883056337,0.0,3502903
1999-12-01,0.032758327976072664,0.0,0.7799579223686778,0.0,3502903
2000-01-01,0.0332350536059689,0.0,0.7427405773262101,0.0,3502903
2000-02-01,0.034840784364459934,0.0,0.789477387090374,0.0,3502903
2000-03-01,0.03344857016661402,0.0,0.7519251423929438,0.0,3502903
2000-04-01,0.03511778996690935,0.0,0.7259983503414243,0.0,3502903
2000-05-01,0.03464478710703982,0.0,0.7985187099850225,0.0,3502903
2000-06-01,0.03517061496434523,0.0,0.7704185701683098,0.0,3502903
2000-07-01,0.035626570072392276,0.0,0.7883434574290284,0.0,3502903
2000-08-01,0.03811062756949379,0.0,0.8120380300637989,0.0,3502903
2000-09-01,0.036423123404382585,0.0,0.7718440476090928,0.0,3502903
2000-10-01,0.037824960981468855,0.0,0.8047193790125502,0.0,3502903
2000-11-01,0.038247735403925905,0.0,0.8000894931691411,0.0,3502903
2000-12-01,0.0386944909579832,0.0,0.7849931978164926,0.0,3502903
2001-01-01,0.03914172067758422,0.0,0.8242492966963365,0.0,3502903
2001-02-01,0.040972906168725134,0.0,0.7563410954498773,0.0,3502903
2001-03-01,0.03923646947789233,0.0,0.7391959486128906,0.0,3502903
2001-04-01,0.04111157092840089,0.0,0.8014329023067692,0.0,3502903
2001-05-01,0.0404691810317153,0.0,0.7218841065063203,0.0,3502903
2001-06-01,0.0410081633150206,0.0,0.8318578287993827,0.0,3502903
2001-07-01,0.04146950592185,0.0,0.809452844300545,0.0,3502903
2001-08-01,0.04425910850916355,0.0,0.8011311560321757,0.0,3502903
2001-09-01,0.042208982774372586,0.0,0.7273212580095662,0.0,3502903
2001-10-01,0.04376812555089409,0.0,0.7716312882742817,0.0,3502903
2001-11-01,0.04417830470106608,0.0,0.782701395654894,0.0,3502903
2001-12-01,0.044622757030115284,0.0,0.7874683050849858,0.0,3502903
2002-01-01,0.04507112675659566,0.0,0.7665488385244632,0.0,3502903
2002-02-01,0.04708979116830154,0.0,0.8169714349380577,0.0,3502903
2002-03-01,0.04502433809730952,0.0,0.8288885989978836,0.0,3502903
2002-04-01,0.047105603207585126,0.0,0.7836069384291494,0.0,3502903
2002-05-01,0.04629265536323396,0.0,0.7592892126162663,0.0,3502903
2002-06-01,0.04684708842138443,0.0,0.7882461236773285,0.0,3502903
2002-07-01,0.047316194871641674,0.0,0.77637477735708,0.0,3502903
2002-08-01,0.05040526677263072,0.0,0.7820849553386621,0.0,3502903
2002-09-01,0.04799172812514378,0.0,0.7607002302900763,0.0,3502903
2002-10-01,0.0497109072979277,0.0,0.7518753992456236,0.0,3502903
2002-11-01,0.05010868117432574,0.0,0.8393843413471486,0.0,3502903
2002-12-01,0.05055195042140406,0.0,0.8245333995350733,0.0,3502903
2003-01-01,0.05100383855624419,0.0,0.7975645740110591,4.664179104477612,3502903
2003-02-01,0.05320576700355966,0.0,0.7421372945829535,0.0,3502903
2003-03-01,0.05081248461082752,0.0,0.8180588327056965,0.0,3502903
2003-04-01,0.053099726554604224,0.0,0.7617798028811994,0.0,3502903
2003-05-01,0.052115380950429877,0.0,0.7762761189881232,0.0,3502903
2003-06-01,0.0526875326483429,0.0,0.8101731476612077,0.0,3502903
2003-07-01,0.05316667178680548,0.0,0.7589220154962415,0.0,3502903
2003-08-01,0.056548546690764735,0.0,0.8049105667557609,0.0,3502903
2003-09-01,0.05377161446847479,0.0,0.7777163810947183,0.0,3502903
2003-10-01,0.05565333169801205,0.0,0.8098042205066205,0.0,3502903
2003-11-01,0.056038943016768976,0.0,0.7804627597191149,0.0,3502903
2003-12-01,0.05648215992694396,0.0,0.7453114336124556,0.0,3502903
2004-01-01,0.056939873895592394,0.0,0.7884934725906843,0.0,3502903
2004-02-01,0.05932041490951281,0.0,0.7846154180404574,0.0,3502903
2004-03-01,0.05662675683141432,0.0,0.8075552174014419,0.0,3502903
2004-04-01,0.05910004515734836,0.0,0.7950998890038615,0.0,3502903
2004-05-01,0.05797684405980784,0.0,0.8245838290552058,0.0,3502903
2004-06-01,0.05852309581381029,0.0,0.7613913748158158,0.0,3502903
2004-07-01,0.058963616553726894,0.0,0.7941043390115325,0.0,3502903
2004-08-01,0.06273262506281727,0.0,0.8138146352542368,0.0,3502903
2004-09-01,0.05963665893936138,0.0,0.7633146426754746,0.0,3502903
2004-10-01,0.06162051987599626,0.0,0.8215277489913924,0.0,3502903
2004-11-01,0.06199230813039643,0.0,0.822366394490792,0.0,3502903
2004-12-01,0.06241404536130398,0.0,0.831240095959767,0.0,3502903
2005-01-01,0.06282735147211695,0.0,0.8119553752766251,0.0,3502903
2005-02-01,0.06545232302634721,0.0,0.7754177564341458,0.0,3502903
2005-03-01,0.06241306927640875,0.0,0.8261022338713364,0.0,3502903
2005-04-01,0.06509517673443178,0.0,0.8299642497163572,0.0,3502903
2005-05-01,0.06379856677814401,0.0,0.7686467459772525,0.0,3502903
2005-06-01,0.06436259068136228,0.0,0.850999763535905,0.0,3502903
2005-07-01,0.06481367980565038,0.0,0.8141758056640611,0.0,3502903
2005-08-01,0.06887954192266561,0.0,0.7983790546219436,0.0,3502903
2005-09-01,0.06541506416166849,0.0,0.8033219364252392,0.0,3502903
2005-10-01,0.06756278245512855,0.0,0.8211986881052036,0.0,3502903
2005-11-01,0.06792206247374084,0.0,0.7853272592559689,0.0,3502903
2005-12-01,0.06834360371842396,0.0,0.854955040156792,0.0,3502903
2006-01-01,0.06876308980980436,0.0,0.7704181633907013,0.0,3502903
2006-02-01,0.07156983949911211,0.0,0.8366800715125199,0.0,3502903
2006-03-01,0.06819974379729572,0.0,0.8484458176172063,0.0,3502903
2006-04-01,0.07109034455751109,0.0,0.7574937994837222,0.0,3502903
2006-05-01,0.06961957974366138,0.0,0.7865060278377565,0.0,3502903
2006-06-01,0.07020366463062215,0.0,0.7887210621459463,0.0,3502903
2006-07-01,0.07066759143006789,0.0,0.7896912561644444,0.0,3502903
2006-08-01,0.07502338378087069,0.0,0.851000836604344,0.0,3502903
2006-09-01,0.07119065053049871,0.0,0.834888965219886,0.0,3502903
2006-10-01,0.07350469443420815,0.0,0.803713295033644,0.0,3502903
2006-11-01,0.07385172499027093,0.0,0.7878443896759032,0.0,3502903
2006-12-01,0.07427422066035529,0.0,0.7687082382587789,0.0,3502903
2007-01-01,0.074702198529177,0.0,0.8013700145412029,0.0,3502903
2007-02-01,0.07768588163942934,0.0,0.7695859927183077,0.0,3502903
2007-03-01,0.07398709309530303,0.0,0.8104572870280219,0.0,3502903
2007-04-01,0.07708538611241156,0.0,0.8027515182779708,0.0,3502903
2007-05-01,0.07544005703798864,0.0,0.7944565733698618,0.0,3502903
2007-06-01,0.07604645278700317,0.0,0.8303975326440967,0.0,3502903
2007-07-01,0.07652536733201364,0.0,0.8477925003851453,0.0,3502903
2007-08-01,0.08116359570886991,0.0,0.87669424272309,0.0,3502903
2007-09-01,0.0769636852723981,0.0,0.8191619561064482,0.0,3502903
2007-10-01,0.07944627973446836,0.0,0.8005398284565275,0.0,3502903
2007-11-01,0.0797813729581628,0.0,0.8439554834656545,0.0,3502903
2007-12-01,0.08020597912079831,0.0,0.8027486376826984,0.0,3502903
2008-01-01,0.08064468099735368,0.0,0.8445117924453003,0.0,3502903
2008-02-01,0.08380003138016281,0.0,0.7781583754792414,3.844379517145933,3502903
2008-03-01,0.07980492976662273,0.0,0.797572920920625,0.0,3502903
2008-04-01,0.08308228569567505,0.0,0.8469396752447617,0.0,3502903
2008-05-01,0.08130888633757788,0.0,0.8261188747179763,0.0,3502903
2008-06-01,0.08187556154091889,0.0,0.7694309454104593,0.0,3502903
2008-07-01,0.0823006475024821,0.0,0.8226358808510043,0.0,3502903
2008-08-01,0.08735460571019434,0.0,0.8084084087761414,0.0,3502903
2008-09-01,0.08285017823302183,0.0,0.8494053799740984,0.0,3502903
2008-10-01,0.08541606176584624,0.0,0.8208716807816778,0.0,3502903
2008-11-01,0.08573686352139519,0.0,0.832490562047735,0.0,3502903
2008-12-01,0.08613358209240879,0.0,0.8492881252172007,0.0,3502903
2009-01-01,0.08651296425338977,0.0,0.8263727855307905,0.0,3502903
2009-02-01,0.08993172088842881,0.0,0.7928465821479038,0.0,3502903
2009-03-01,0.08558965076658745,0.0,0.8316508383324134,0.0,3502903
2009-04-01,0.0890787632237039,0.0,0.8188094506534771,0.0,3502903
2009-05-01,0.08712793338556292,0.0,0.7989716582713897,0.0,3502903
2009-06-01,0.08771699858781162,0.0,0.8207066890845764,0.0,3502903
2009-07-01,0.08815783381344833,0.0,0.835329019629436,0.0,3502903
2009-08-01,0.09349995391071605,0.0,0.8372813080487421,0.0,3502903
2009-09-01,0.0886211249181117,0.0,0.850158069094816,0.0,3502903
2009-10-01,0.09135741777240194,0.0,0.8799034494667516,0.0,3502903
2009-11-01,0.09166579825931122,0.0,0.8536256223127197,0.0,3502903
2009-12-01,0.09206442800933837,0.0,0.8348330278325388,0.0,3502903
2010-01-01,0.09245503004754443,0.0,0.768965652634163,0.0,3502903
2010-02-01,0.09604986379536398,0.0,0.8294354478839012,0.0,3502903
2010-03-01,0.09137512635014583,0.0,0.8641516371276428,0.0,3502903
2010-04-01,0.09507506174345604,0.0,0.8618080742308553,0.0,3502903
2010-05-01,0.09294648042660361,0.0,0.8489780764675148,0.0,3502903
2010-06-01,0.09356021690921605,0.0,0.8455506662077511,0.0,3502903
2010-07-01,0.09401896386671381,0.0,0.8050928162418116,0.0,3502903
2010-08-01,0.09964147514481783,0.0,0.8505786612896196,0.0,3502903
2010-09-01,0.0943895485682473,0.0,0.8951423851904562,0.0,3502903
2010-10-01,0.09729845637788609,0.0,0.8044493518618528,0.0,3502903
2010-11-01,0.09759474346094454,0.0,0.837284619379128,0.0,3502903
2010-12-01,0.09799646537664736,0.0,0.8023661872934736,0.0,3502903
2011-01-01,0.09840053280344796,0.0,0.8657782438410171,0.0,3502903
2011-02-01,0.10216596989883316,0.0,0.7915977845261903,0.0,3502903
2011-03-01,0.09716167675525493,0.0,0.8390748476713091,0.0,3502903
2011-04-01,0.10107102014340556,0.0,0.7571719622073283,0.0,3502903
2011-05-01,0.09876470845888043,0.0,0.837954949939078,0.0,3502903
2011-06-01,0.099405348384935,0.0,0.8799539156728057,0.0,3502903
2011-07-01,0.09988403849364996,0.0,0.8212174349529447,0.0,3502903
2011-08-01,0.10577861920279998,0.0,0.8120678350554466,0.0,3502903
2011-09-01,0.1001557321886753,0.0,0.7868338052391655,0.0,3502903
2011-10-01,0.10323920342421843,0.0,0.830662754259887,0.0,3502903
2011-11-01,0.10352377927561246,0.0,0.8163407362323444,0.0,3502903
2011-12-01,0.10392977535813858,0.0,0.8584366100383621,0.0,3502903
2012-01-01,0.10434946583100341,0.0,0.8434519710755867,0.0,3502903
2012-02-01,0.10827962554675626,0.0,0.8190845724975678,0.0,3502903
2012-03-01,0.10298308219641046,0.0,0.8263544029450555,0.0,3502903
2012-04-01,0.10706450569507983,0.0,0.8490009233852664,0.0,3502903
2012-05-01,0.10464090927146666,0.0,0.8297833063378166,0.0,3502903
2012-06-01,0.10522800856726049,0.0,0.8924525981790787,0.0,3502903
2012-07-01,0.10563766040116288,0.0,0.861949482003171,0.0,3502903
2012-08-01,0.11197656800957934,0.0,0.8773428703588927,0.0,3502903
2012-09-01,0.10606368067997617,0.0,0.850785518601191,0.0,3502903
2012-10-01,0.1092115868347075,0.0,0.8158783499085103,3.517534911533997,3502903
2012-11-01,0.10948140258949911,0.0,0.8518410637263525,0.0,3502903
2012-12-01,0.10985310296449388,0.0,0.871587379455068,0.0,3502903
2013-01-01,0.11019856165922974,0.0,0.8216002610542764,0.0,3502903
2013-02-01,0.11441110333614612,0.0,0.8860391868300208,0.0,3502903
2013-03-01,0.108766218070123,0.0,0.8674046032579106,0.0,3502903
2013-04-01,0.1130623354990598,0.0,0.8219246173730739,0.0,3502903
2013-05-01,0.11045728660611889,0.0,0.8298927037673332,0.0,3502903
2013-06-01,0.11107139350780271,0.0,0.8440111890202242,0.0,3502903
2013-07-01,0.11150197524170737,0.0,0.8435589569856548,0.0,3502903
2013-08-01,0.11812035306874491,0.0,0.8470808296721055,0.0,3502903
2013-09-01,0.1118271739937101,0.0,0.8149853138599797,0.0,3502903
2013-10-01,0.11515204152152957,0.0,0.8283221895750358,0.0,3502903
2013-11-01,0.11540952292316976,0.0,0.8444949863385264,0.0,3502903
2013-12-01,0.11578524159696461,0.0,0.8474538455618928,0.0,3502903
2014-01-01,0.11614696001579813,0.0,0.901722298100509,0.0,3502903
2014-02-01,0.12052987791529216,0.0,0.8505075668447035,0.0,3502903
2014-03-01,0.11455049964077316,0.0,0.8831134947654061,0.0,3502903
2014-04-01,0.11905976595312692,0.0,0.8550479491422941,0.0,3502903
2014-05-01,0.11627336529793655,0.0,0.838583340383444,0.0,3502903
2014-06-01,0.11691675005430724,0.0,0.8724336146303213,0.0,3502903
2014-07-01,0.1173703139795247,0.0,0.7744467906429112,0.0,3502903
2014-08-01,0.12425953949381795,0.0,0.849529089755857,3.255950249080194,3502903
2014-09-01,0.11758841786890879,0.0,0.8107959661342742,0.0,3502903
2014-10-01,0.12109218559250501,0.0,0.8312042132751309,0.0,3502903
2014-11-01,0.1213377259159306,0.0,0.8134229950660953,0.0,3502903
2014-12-01,0.12171867086344916,0.0,0.846838345504046,0.0,3502903
2015-01-01,0.12209882431132375,0.0,0.8899999294837345,0.0,3502903
2015-02-01,0.12664601006001625,0.0,0.8905929535492065,0.0,3502903
2015-03-01,0.12033621152929626,0.0,0.8444231818387761,0.0,3502903
2015-04-01,0.12505659973574673,0.0,0.832286274034787,0.0,3502903
2015-05-01,0.12208930332583462,0.0,0.8755397131184768,0.0,3502903
2015-06-01,0.12276418360442447,0.0,0.8876351387547302,0.0,3502903
2015-07-01,0.12324264565667693,0.0,0.8747485138579315,0.0,3502903
2015-08-01,0.1303935713132644,0.0,0.8567206598326483,0.0,3502903
2015-09-01,0.12334770813336284,0.0,0.9479794898621045,0.0,3502903
2015-10-01,0.12703205061553338,0.0,0.8892945658777833,0.0,3502903
2015-11-01,0.1272661051826707,0.0,0.8540254339690936,0.0,3502903
2015-12-01,0.12765348730825887,0.0,0.9100233989001143,0.0,3502903
2016-01-01,0.12805416237705486,0.0,0.8457044900320454,0.0,3502903
2016-02-01,0.13275912433911655,0.0,0.8669342243215168,0.0,3502903
2016-03-01,0.1261611406015408,0.0,0.8229737780353377,0.0,3502903
2016-04-01,0.1310466242925088,0.0,0.8364803061347875,0.0,3502903
2016-05-01,0.12797282967775767,0.0,0.8449748582601676,0.0,3502903
2016-06-01,0.128580348968796,0.0,0.8822397138105068,0.0,3502903
2016-07-01,0.12897456286988546,0.0,0.829997193930105,0.0,3502903
2016-08-01,0.13659840962500827,0.0,0.9151687944032643,3.133322888923704,3502903
2016-09-01,0.12927706584303406,0.0,0.8971559402477087,0.0,3502903
2016-10-01,0.13300698820359524,0.0,0.8619719421027887,0.0,3502903
2016-11-01,0.13322581463905903,0.0,0.8702592037871528,0.0,3502903
2016-12-01,0.1335724934875017,0.0,0.8933515585954726,0.0,3502903
2017-01-01,0.13388402532769253,0.0,0.9005640968556416,0.0,3502903
2017-02-01,0.13889034386996663,0.0,0.8832673620485136,0.0,3502903
2017-03-01,0.13194264785315696,0.0,0.9015155699275611,0.0,3502903
2017-04-01,0.13704576184577305,0.0,0.9149145422389161,0.0,3502903
2017-05-01,0.1337864944712652,0.0,0.8743585983065181,0.0,3502903
2017-06-01,0.1344256393231375,0.0,0.8437929526965258,0.0,3502903
2017-07-01,0.13484596415498762,0.0,0.9200523984792626,0.0,3502903
2017-08-01,0.14274058758557626,0.0,0.8765894911230346,0.0,3502903
2017-09-01,0.13503306431573434,0.0,0.8411755527197402,0.0,3502903
2017-10-01,0.13894649894775954,0.0,0.8242105818844873,0.0,3502903
2017-11-01,0.13915307796678836,0.0,0.8444203558908243,0.0,3502903
2017-12-01,0.1395058821961533,0.0,0.8725137101617605,3.07739652254193,3502903
2018-01-01,0.1398387135610982,0.0,0.9098524468127792,0.0,3502903
2018-02-01,0.1450097059773589,0.0,0.9096447773191425,0.0,3502903
2018-03-01,0.13772569357070683,0.0,0.9097922724083168,0.0,3502903
2018-04-01,0.14304428822017096,0.0,0.9386546678697522,0.0,3502903
2018-05-01,0.1396000766819372,0.0,0.9174172559640461,0.0,3502903
2018-06-01,0.14027311307684795,0.0,0.83718423955623,0.0,3502903
2018-07-01,0.14072149747639562,0.0,0.9229095672481208,0.0,3502903
2018-08-01,0.14887743196758518,0.0,0.9244666552791456,0.0,3502903
2018-09-01,0.140787128763775,0.0,0.912324658018166,0.0,3502903
2018-10-01,0.14488575587410352,0.0,0.8774739755980999,0.0,3502903
2018-11-01,0.1450805534214739,0.0,0.8977789265450371,2.985163736230932,3502903
2018-12-01,0.14544072506035713,0.0,0.9148690997003484,0.0,3502903
2019-01-01,0.14579696476860748,0.0,0.8739523813699854,0.0,3502903
2019-02-01,0.15112589427746861,0.0,0.8038797054633492,0.0,3502903
2019-03-01,0.1435105987526463,0.0,0.8509402886836829,0.0,3502903
2019-04-01,0.14904202670137012,0.0,0.9160656920331075,0.0,3502903
2019-05-01,0.14541374985476022,0.0,0.8956184506451039,0.0,3502903
2019-06-01,0.14612287035367125,0.0,0.9234345373656826,0.0,3502903
2019-07-01,0.14660110443369537,0.0,0.838654855317503,0.0,3502903
2019-08-01,0.15500836714691021,0.0,0.8916185842826685,0.0,3502903
2019-09-01,0.1465395369204387,0.0,0.9076325690773003,0.0,3502903
2019-10-01,0.1508247469209161,0.0,0.9117067333817461,0.0,3502903
2019-11-01,0.15100828055955248,0.0,0.86380905428319,0.0,3502903
2019-12-01,0.15137704888041795,0.0,0.8587158761245337,0.0,3502903
2020-01-01,0.1517587087009898,0.0,0.9049311824317,0.0,3502903
2020-02-01,0.15723846803572591,0.0,0.8880500842935859,0.0,3502903
2020-03-01,0.14933905218880889,0.0,0.8616108112374085,0.0,3502903
2020-04-01,0.1550285910146043,0.0,0.878313695010238,0.0,3502903
2020-05-01,0.1513046023599627,0.0,0.8532287643435513,0.0,3502903
2020-06-01,0.15193254155174493,0.0,0.8298318593241701,0.0,3502903
2020-07-01,0.15231131765138514,0.0,0.9295556078346464,0.0,3502903
2020-08-01,0.16122009535486043,0.0,0.8817982434885557,0.0,3502903
2020-09-01,0.15249030375097938,0.0,0.8532367508536066,0.0,3502903
2020-10-01,0.1568022383408765,0.0,0.842483068977663,0.0,3502903
2020-11-01,0.15697007548777353,0.0,0.9422549567028848,0.0,3502903
2020-12-01,0.15729173268545674,0.0,0.9076415481238684,0.0,3502903
2021-01-01,0.15756933759497657,0.0,0.8548302681079736,0.0,3502903
2021-02-01,0.16336942762628406,0.0,0.885153768587508,2.825736810873435,3502903
2021-03-01,0.15511892894396961,0.0,0.840901442829602,0.0,3502903
2021-04-01,0.161029034026591,0.0,0.8993363151950601,2.825736810873435,3502903
2021-05-01,0.15711555209696768,0.0,0.8690893006453678,0.0,3502903
2021-06-01,0.15777973456040648,0.0,0.9300116084640203,0.0,3502903
2021-07-01,0.15818980238475228,0.0,0.8763521596980511,0.0,3502903
2021-08-01,0.16736066299383948,0.0,0.919704161145232,0.0,3502903
2021-09-01,0.15823880449315555,0.0,0.8634372057142629,0.0,3502903
2021-10-01,0.1627408022464022,0.0,0.877408529723907,0.0,3502903
2021-11-01,0.1628964790322026,0.0,0.9148659587603557,0.0,3502903
2021-12-01,0.1632263687913897,0.0,0.914233854442238,0.0,3502903
2022-01-01,0.16353031311005067,0.0,0.8354406851090586,0.0,3502903
2022-02-01,0.16948937473466666,0.0,0.8786831524255395,0.0,3502903
2022-03-01,0.16090073652294282,0.0,0.8973207445038007,0.0,3502903
2022-04-01,0.16702865038809372,0.0,0.9081732036130461,0.0,3502903
2022-05-01,0.16292662873513483,0.0,0.9192880865851182,0.0,3502903
2022-06-01,0.16362931281790374,0.0,0.9362580371933445,0.0,3502903
2022-07-01,0.16407251410155468,0.0,0.8804181641697543,0.0,3502903
2022-08-01,0.1734951445669183,0.0,0.9168940946106465,0.0,3502903
2022-09-01,0.1639856664308268,0.0,0.8487036798704125,0.0,3502903
2022-10-01,0.16867914479085455,0.0,0.9659113954014252,0.0,3502903
2022-11-01,0.16882319613878624,0.0,0.9586782288610793,0.0,3502903
2022-12-01,0.1691625909466778,0.0,0.9608873193341213,0.0,3502903
2023-01-01,0.16949492106591743,0.0,0.873181775989782,0.0,3502903
2023-02-01,0.17560559235139866,0.0,0.9029696988172659,0.0,3502903
2023-03-01,0.16668481325780884,0.0,0.8699897324766988,0.0,3502903
2023-04-01,0.17302727891294564,0.0,0.8985953546941952,0.0,3502903
2023-05-01,0.16873803021801337,0.0,0.8734676054051294,0.0,3502903
2023-06-01,0.16948139459736858,0.0,0.9304889603412002,0.0,3502903
2023-07-01,0.1699594044848306,0.0,0.9051504367385919,0.0,3502903
2023-08-01,0.17962299983158084,0.0,0.9117706249107174,0.0,3502903
2023-09-01,0.16973121586625592,0.0,0.9538194269400978,0.0,3502903
2023-10-01,0.17461729335118412,0.0,0.9198729530829809,0.0,3502903
2023-11-01,0.1747503103705014,0.0,0.9185687594837116,0.0,3502903
2023-12-01,0.17510046885994174,0.0,0.9308397364718392,0.0,3502903
2024-01-01,0.17546311753039878,0.0,0.9272536604128111,,3502903
2024-02-01,0.18171767385857782,0.0,0.8977961707628196,,3502903
2024-03-01,0.17251683687704406,0.0,0.8791570328110372,,3502903
2024-04-01,0.17901043046672055,0.0,0.878977992108951,,3502903
2024-05-01,0.17463625501815305,0.0,0.931981942623568,,3502903
2024-06-01,0.17528461793102992,0.0,0.8316055401535851,,3502903
2024-07-01,0.1756479601023003,0.0,0.8783845966305732,,3502903
2024-08-01,0.18584166675961405,0.0,0.9664491334639213,,3502903
2024-09-01,0.17570343782437275,0.0,0.9591905550720583,,3502903
2024-10-01,0.18059738595938266,0.0,0.8675279801595838,,3502903
2024-11-01,0.18071423807851705,0.0,0.8860542281916474,,3502903
2024-12-01,0.18101087763562965,0.0,0.9382460189738334,,3502903
2025-01-01,0.18125455978037935,0.0,0.8574742234420232,,3502903
2025-02-01,0.18784842244797517,0.0,0.9458847803492002,,3502903
2025-03-01,0.17829512939609035,0.0,0.9298768563829517,,3502903
2025-04-01,0.1850122268427112,0.0,0.8748002708111707,,3502903
2025-05-01,0.18044453636526545,0.0,0.9358641914978401,,3502903
2025-06-01,0.18113376029218017,0.0,0.8823581252267377,,3502903
2025-07-01,0.18153357494172515,0.0,0.9074686309174811,,3502903
2025-08-01,0.19198067328260987,0.0,0.9120218100404759,,3502903
2025-09-01,0.1814444871976407,0.0,0.9149369447955745,,3502903
2025-10-01,0.18653505048998192,0.0,0.9823200488150141,,3502903
2025-11-01,0.18663982915649946,0.0,0.9014786187593824,,3502903
2025-12-01,0.1869468083582,0.0,0.9211407207319333,,3502903
2026-01-01,0.18722186967530158,0.0,0.9020853015334863,,3502903
2026-02-01,0.1939690031985706,0.0,0.9365055844157699,,3502903
2026-03-01,0.18407574485421935,0.0,0.9319865020397243,,3502903
2026-04-01,0.19101298076503512,0.0,0.888065314053754,,3502903
2026-05-01,0.18625315367078976,0.0,0.9320783097165027,,3502903
2026-06-01,0.18698548934018197,0.0,0.9582845397444856,,3502903
2026-07-01,0.1874235113185982,0.0,0.9313389069253041,,3502903
2026-08-01,0.1981128408510004,0.0,0.9616227570187486,,3502903
2026-09-01,0.1871841926298619,0.0,0.8866247294518262,,3502903
2026-10-01,0.1924725258231367,0.0,0.9206205938035215,,3502903
2026-11-01,0.19256583498675997,0.0,0.9673662680788202,,3502903
2026-12-01,0.1928844568329986,0.0,0.9253727643613642,,3502903
2027-01-01,0.19319287736322668,0.0,0.950068355557404,,3502903
2027-02-01,0.20008529042532883,0.0,0.9217273135781214,,3502903
2027-03-01,0.18985902776297126,0.0,0.9435310921795429,,3502903
2027-04-01,0.19701253112452058,0.0,0.9403863235263143,,3502903
2027-05-01,0.19206231058126633,0.0,0.926272829348603,,3502903
2027-06-01,0.19283991884106505,0.0,0.9193151764471504,,3502903
2027-07-01,0.1933177045359657,0.0,0.917197411733804,,3502903
2027-08-01,0.20423763251625107,0.0,0.9056002818467418,,3502903
2027-09-01,0.19292289481207314,0.0,0.9479110781048341,,3502903
2027-10-01,0.19840983978145163,0.0,0.9258102858620625,,3502903
2027-11-01,0.19849234018145098,0.0,0.9447737007942563,,3502903
2027-12-01,0.19882388883946595,0.0,0.8806653492875905,,3502903
2028-01-01,0.19916752635980894,0.0,0.9067755454935711,,3502903
2028-02-01,0.2061968796814298,0.0,0.8935612765311556,,3502903
2028-03-01,0.19569462156527886,0.0,0.9225667829354884,,3502903
2028-04-01,0.20299226991883723,0.0,0.9800493511249,,3502903
2028-05-01,0.1979679076763431,0.0,0.9585002775883543,,3502903
2028-06-01,0.198636694310315,0.0,0.9153441543547325,,3502903
2028-07-01,0.1989846025532162,0.0,0.9447893200430124,,3502903
2028-08-01,0.21046323816436766,0.0,0.9801267333234168,,3502903
2028-09-01,0.19891657189776515,0.0,0.9889627815883232,,3502903
2028-10-01,0.20439253357788897,0.0,0.9312038207270689,,3502903
2028-11-01,0.20445840066926083,0.0,0.9028771030961148,,3502903
2028-12-01,0.2047300225858024,0.0,0.9929409330425865,,3502903
2029-01-01,0.2049397819657825,0.0,0.9316628475873244,,3502903
2029-02-01,0.2123274172696664,0.0,0.9965399181180725,,3502903
2029-03-01,0.20147132984821156,0.0,0.9310164015995489,,3502903
2029-04-01,0.20899541965883145,0.0,0.9174080880058323,,3502903
2029-05-01,0.20377352063356327,0.0,0.9295537464507292,,3502903
2029-06-01,0.2044877860239544,0.0,0.9448467359961754,,3502903
2029-07-01,0.2048773474986968,0.0,0.9191481050793286,,3502903
2029-08-01,0.21660068357138032,0.0,0.916195183913807,,3502903
2029-09-01,0.20465016990212614,0.0,0.934496147576361,,3502903
2029-10-01,0.21032929873356127,0.0,0.9352626305007764,,3502903
2029-11-01,0.21038317928079656,0.0,0.8979516875561175,,3502903
2029-12-01,0.21066724792501018,0.0,0.9484945217486632,,3502903
2030-01-01,0.21091342624055243,0.0,0.9634458201219358,,3502903
2030-02-01,0.21844863166247394,0.0,0.9953104933600101,,3502903
2030-03-01,0.20725075318549505,0.0,0.9842752834738944,,3502903
2030-04-01,0.21499731114197626,0.0,0.9860780287898346,,3502903
2030-05-01,0.20957967860644483,0.0,0.9756186158752272,,3502903
2030-06-01,0.21034166586246053,0.0,1.0111572386647778,,3502903
2030-07-01,0.21077450853564195,0.0,0.9288099491703979,,3502903
2030-08-01,0.2227305371350825,0.0,0.9887713025159065,,3502903
2030-09-01,0.21038271882889756,0.0,0.894841237707284,,3502903
2030-10-01,0.21626590685541755,0.0,0.9495476327045788,,3502903
2030-11-01,0.2163084738347333,0.0,0.9744256711370299,,3502903
2030-12-01,0.21660632271931893,0.0,0.9599780962239793,,3502903
2031-01-01,0.2168908336605365,0.0,0.9334109800463221,,3502903
2031-02-01,0.2245649884992589,0.0,0.9155867320956059,,3502903
2031-03-01,0.21303324226813378,0.0,0.9622729763665885,,3502903
2031-04-01,0.22099778333609568,0.0,1.0164964582363083,,3502903
2031-05-01,0.21538659094451917,0.0,0.9624155879676135,,3502903
2031-06-01,0.21619844308476216,0.0,0.9669802887006541,,3502903
2031-07-01,0.21667600458710082,0.0,0.9924250413351267,,3502903
2031-08-01,0.22885226520092167,0.0,0.9518935559395032,,3502903
2031-09-01,0.21611457375788998,0.0,0.9158186769881431,,3502903
2031-10-01,0.22220238621171925,0.0,0.9544594206316449,,3502903
2031-11-01,0.22223436999240015,0.0,0.88915791590543,,3502903
2031-12-01,0.22254730881898968,0.0,0.9280108069252947,,3502903
2032-01-01,0.22287193518921838,0.0,0.9721701114662931,,3502903
2032-02-01,0.23067608550428173,0.0,0.999158233580334,,3502903
2032-03-01,0.21887240625351426,0.0,1.0028076618251622,,3502903
2032-04-01,0.22697410937095325,0.0,0.9911120797893505,,3502903
2032-05-01,0.2212995603345328,0.0,0.9916530109090146,,3502903
2032-06-01,0.22198877068959977,0.0,0.9604030582803982,,3502903
2032-07-01,0.22232124500413236,0.0,0.965492924637017,,3502903
2032-08-01,0.23508480956912128,0.0,0.9801840835028464,,3502903
2032-09-01,0.22212970597115858,0.0,0.9329731010070185,,3502903
2032-10-01,0.22818768119639413,0.0,0.9989052446759037,,3502903
2032-11-01,0.2282025632600044,0.0,0.9294374555403069,,3502903
2032-12-01,0.22844916753597552,0.0,0.9640030653134508,,3502903
2033-01-01,0.22862500415118495,0.0,0.9910100819450103,,3502903
2033-02-01,0.2368064120913572,0.0,0.9975107694205659,,3502903
2033-03-01,0.22464753030033274,0.0,0.9614770124474767,,3502903
2033-04-01,0.2329786124749519,0.0,0.9556379623646037,,3502903
2033-05-01,0.22710250490186132,0.0,1.0199831527137349,,3502903
2033-06-01,0.22784181175572796,0.0,0.9920861834838758,,3502903
2033-07-01,0.2282211200556706,0.0,0.9412006673648589,,3502903
2033-08-01,0.24122069386015035,0.0,1.0169933050685338,,3502903
2033-09-01,0.22785585260660973,0.0,0.9445280122480774,,3502903
2033-10-01,0.23412354697714055,0.0,0.9716503278216871,,3502903
2033-11-01,0.23412652940509324,0.0,0.9580839122511722,,3502903
2033-12-01,0.23438768749182098,0.0,1.0034075576835366,,3502903
2034-01-01,0.23460498280580389,0.0,0.9826466319867916,,3502903
2034-02-01,0.24292826012637744,0.0,1.030410281485104,,3502903
2034-03-01,0.23042576151677177,0.0,0.9692103445261452,,3502903
2034-04-01,0.2389816415189176,0.0,0.9262376583459415,,3502903
2034-05-01,0.2329062035421003,0.0,0.9459745527544398,,3502903
2034-06-01,0.23369784238473942,0.0,0.9727065977502456,,3502903
2034-07-01,0.23412550575268468,0.0,0.9356339040629901,,3502903
2034-08-01,0.24734823341916481,0.0,1.0151860331211675,,3502903
2034-09-01,0.23358124502793304,0.0,0.9222099205419112,,3502903
2034-10-01,0.24005928788769887,0.0,0.9806949369633433,,3502903
2034-11-01,0.24005111268270662,0.0,0.994175856799028,,3502903
2034-12-01,0.24032818860564006,0.0,0.9717749492989204,,3502903
2035-01-01,0.2405887899578459,0.0,0.9396186456369826,,3502903
2035-02-01,0.24904468657318896,0.0,0.95098139356026,,3502903
2035-03-01,0.2362074567732952,0.0,0.9338901891962954,,3502903
2035-04-01,0.24498303554767123,0.0,0.957452552122861,,3502903
2035-05-01,0.23871087130777285,0.0,1.0112082270336684,,3502903
2035-06-01,0.2395569673284592,0.0,0.9646922960099643,,3502903
2035-07-01,0.24003430463823536,0.0,1.008727820162279,,3502903
2035-08-01,0.25346689788559257,0.0,1.0073316404994144,,3502903
2035-09-01,0.23930625270370595,0.0,0.979865307086731,,3502903
2035-10-01,0.2459949326419868,0.0,0.9790162916906863,,3502903
2035-11-01,0.24597639980334918,0.0,0.9710385911283741,,3502903
2035-12-01,0.24627072879851383,0.0,0.9690171234930178,,3502903
2036-01-01,0.24657634401862907,0.0,1.00830033873544,,3502903
2036-02-01,0.25515529132713355,0.0,1.0369819753799698,,3502903
2036-03-01,0.24205019094174918,0.0,0.9144225833335939,,3502903
2036-04-01,0.25095594882307004,0.0,1.0031913108144508,,3502903
2036-05-01,0.24463121299272336,0.0,0.9904484761664919,,3502903
2036-06-01,0.2453408470688852,0.0,0.9960638180273775,,3502903
2036-07-01,0.24565788745504757,0.0,0.9511587841573175,,3502903
2036-08-01,0.2597063809738747,0.0,0.9924623909799468,,3502903
2036-09-01,0.24534284004454984,0.0,1.0051153788335125,,3502903
2036-10-01,0.2519828288149011,0.0,1.0170609897972622,,3502903
2036-11-01,0.25194672585074784,0.0,0.9544205206176298,,3502903
2036-12-01,0.25216831248614874,0.0,1.0483924772924902,,3502903
2037-01-01,0.25231022633658956,0.0,0.9910861409612376,,3502903
2037-02-01,0.2612854069130484,0.0,0.9874422335063044,,3502903
2037-03-01,0.24782373075245365,0.0,0.985898164025871,,3502903
2037-04-01,0.25696180529107177,0.0,0.9889588590572661,,3502903
