disease,cod_mun,mae,rmse,r2,n_samples
hiv_aids,3500105,0.8012655626364608,1.1614803761188215,0.09986863841718285,300
hiv_aids,3500204,3.1635597455859616,6.309776455721036,0.01783801286913167,300
hiv_aids,3500303,25.700381397589716,33.36586374120814,-119.76548062067373,300
hiv_aids,3500402,4.082587831608462,5.521307829991173,0.1480625969563525,300
hiv_aids,3500501,2.5245181104700327,3.2758029640523483,-0.06550948991254768,300
hiv_aids,3500550,0.5721125826200075,2.2424547742277,0.0005665198247127856,300
hiv_aids,3500600,3.1725290627597316,8.325954120125823,0.19037803800505337,300
hiv_aids,3500709,1.258921824843355,2.1726242585839435,0.1144179993754545,300
hiv_aids,3500758,1.1459144082168098,4.2043348697289495,0.5330548447321101,300
hiv_aids,3500808,0.4189452140148188,2.64281084838356,0.1930213228139429,300
hiv_aids,3500907,1.0920376627133248,3.937759870321975,0.0031481284139890375,300
hiv_aids,3501004,2.3748465046807525,3.1601627897396827,-0.04427791765488376,300
hiv_aids,3501103,0.16058611249247098,1.370079142308563,0.006626991114384584,300
hiv_aids,3501152,0.8870278809115462,2.3115988044828306,-0.13841338655029167,300
hiv_aids,3501202,1.4960595053398662,4.805642274752697,0.040031888237922475,300
hiv_aids,3501301,1.2294830639520824,2.69621800365196,-0.17272568628451013,300
hiv_aids,3501400,5.569827514541459,8.002902567444359,-0.035687943553529555,300
hiv_aids,3501509,0.8677450391286204,3.7856402298438265,0.004703974792658494,300
hiv_aids,3501608,0.6903311710865633,0.9867632519439553,0.10592595826709439,300
hiv_aids,3501707,1.9709883383270264,3.331518670235616,0.19772115133028978,300
hiv_aids,3501806,2.4183007569212416,4.5992470662106575,0.0010304556087064043,300
hiv_aids,3501905,4.351435079143608,5.641185559319268,-1.2019334652196405,300
hiv_aids,3502002,0.4436959205076332,2.2241001326886525,0.00348631018362211,300
hiv_aids,3502101,2.200607311184548,3.461306923480373,-0.6637384929157002,300
hiv_aids,3502200,0.11917283788999831,0.519077336162786,0.0020604746449476297,300
hiv_aids,3502309,8.855792231079624,8.967259801120893,-1.8525068977048842,300
hiv_aids,3502408,1.780529151822714,6.183134295559839,-0.012457815660802396,300
hiv_aids,3502507,1.8821948553197054,5.269658477526131,-0.01715286455710885,300
hiv_aids,3502606,0.2862933308127946,1.7542342683989007,0.0034345506733995945,300
hiv_aids,3502705,0.7273089562417042,1.1446739983166876,-0.047084750112778906,300
hiv_aids,3502754,0.6071739480389774,1.541269412646447,0.0420183344377385,300
hiv_aids,3502804,1.8331170814820825,2.5745809119954757,-1.0255110201607902,300
hiv_aids,3502903,1.732901895741436,2.1409631421197006,-0.3600836328754382,300
hiv_aids,3503000,0.1283361015277087,1.089994734116746,0.0030165114895145395,300
hiv_aids,3503109,1.268636279493932,4.359579991711429,-0.059085289420247156,300
hiv_aids,3503158,0.1681698233905815,0.9568924042138189,0.8110978852302667,300
hiv_aids,3503208,2.0047777960142783,3.079162655722988,-0.06897952333290136,300
hiv_aids,3503307,1.214903375335785,1.6639372477945331,0.3975880444457822,300
hiv_aids,3503356,0.0,0.0,1.0,300
hiv_aids,3503406,0.07437392092783535,0.7234983856812337,0.5083058239972786,300
hiv_aids,3503505,0.0,0.0,1.0,300
hiv_aids,3503604,0.3999061202638899,1.8779492544186516,-0.006017421000054979,300
hiv_aids,3503703,2.2492641051512523,3.5939943384445128,0.020010660730717444,300
hiv_aids,3503802,5.7150175955956986,6.897737688603444,-2.5590152049557573,300
hiv_aids,3503901,0.6941775314400479,0.8688472917175688,0.031565346482057,300
hiv_aids,3503950,1.0969442183117875,5.485194248300579,0.0007153048642811743,300
hiv_aids,3504008,2.0065058469866535,2.800760592751737,-1.0001604153440748,300
hiv_aids,3504107,1.0573844660980514,1.3598746173887297,-1.6208571221085761,300
hiv_aids,3504206,0.22808511154549835,0.8897496068113221,0.0013255129583056302,300
hiv_aids,3504305,2.9334388851344486,7.518510590823545,0.07687468827519983,300
hiv_aids,3504404,1.1050413984427574,2.195446738797339,0.006958705007871657,300
hiv_aids,3504503,2.8537736884003944,3.69105317880203,-3.4009911066823175,300
hiv_aids,3504602,3.379946899640204,4.807478507579599,0.0020214995433159855,300
hiv_aids,3504701,5.693000769186775,18.080841949839833,0.023060915011589245,300
hiv_aids,3504800,3.3184324158066523,4.720283400837304,0.028648582214444884,300
hiv_aids,3504909,0.5556862950975778,1.7348115074703072,0.13487733106245314,300
hiv_aids,3505005,0.40980368526400884,3.314619539769945,0.0050819685774148304,300
hiv_aids,3505104,0.5655268574238554,2.6557744931410836,0.020012733351843504,300
hiv_aids,3505203,0.38607232638110567,1.0534578825946712,0.08397427175358774,300
hiv_aids,3505302,0.8143462535933271,1.2258843203941256,0.24150947439737736,300
hiv_aids,3505351,0.11024472794722735,0.9062000621813264,0.1701941768909757,300
hiv_aids,3505401,0.49843742812433695,1.775307842512057,0.0011126858549705965,300
hiv_aids,3505500,3.989430172121335,5.518114831955805,-1.1496229700598963,300
hiv_aids,3505609,1.8187641771104457,2.9590795736544138,-0.0482404852684839,300
hiv_aids,3505708,0.5280407803560646,0.7179908853532196,-0.1486018758363281,300
hiv_aids,3505807,0.34609264053644434,0.8968191609564244,0.00514320395377299,300
hiv_aids,3505906,1.6032322710212956,2.215166969207067,0.01321071490346759,300
hiv_aids,3506003,1.4281366148172419,2.091033292648346,0.439517107722058,300
hiv_aids,3506102,1.8060972500436407,2.283434529999595,-0.09365322096434947,300
hiv_aids,3506201,0.48875587359889927,2.9908346577477483,0.0026889128430873654,300
hiv_aids,3506300,0.590341738569882,1.79273959131521,0.005811882355124309,300
hiv_aids,3506359,0.9095319697710519,2.089707251781334,-0.18009235714263805,300
hiv_aids,3506409,0.5845406857635042,2.4258717436367707,0.001481212825177658,300
hiv_aids,3506508,0.451987237217717,1.0962728992772386,-0.15587750822750035,300
hiv_aids,3506607,0.8996060230793582,2.337497648037422,-0.17386891600956922,300
hiv_aids,3506706,0.69728241271405,1.7624388287741162,0.05632788210759676,300
hiv_aids,3506805,3.6201989099536362,3.772195814946346,-0.9343364068165996,300
hiv_aids,3506904,1.320008527249462,3.7404653654077977,-0.09398185002467563,300
hiv_aids,3507001,0.6941822133837675,1.1856093892177213,0.07333578671992835,300
hiv_aids,3507100,0.4065851688459804,0.9643733069022352,0.051327476633151736,300
hiv_aids,3507159,0.18827407217384484,1.5564830755592334,0.004390545614532559,300
hiv_aids,3507209,0.0,0.0,1.0,300
hiv_aids,3507308,0.1506061091080185,1.264984086674889,0.0072196990045011455,300
hiv_aids,3507407,0.3869783903075228,1.4234167941430917,0.0455840150250032,300
hiv_aids,3507456,0.3949119863815,2.700202748959092,0.6920046354699436,300
hiv_aids,3507506,0.8984177143167102,1.1991960961590393,-0.18119721240790998,300
hiv_aids,3507605,1.677512201648251,2.2259478412710547,-3.210587991680381,300
hiv_aids,3507704,0.24245192051154707,1.4326718140000523,0.00783571358634605,300
hiv_aids,3507753,0.2592724245238086,2.215288809586217,0.0067991969464038515,300
hiv_aids,3507803,2.7728767184764163,3.5069341621135734,0.014790851983820352,300
hiv_aids,3507902,0.9663102408128869,1.9880847825159116,-0.01811997882668459,300
hiv_aids,3508009,0.14536529959940836,0.6086757904345673,0.01005612462151928,300
hiv_aids,3508108,0.6949607105595792,1.6548663603812868,0.04354207885713646,300
hiv_aids,3508207,0.0,0.0,1.0,300
hiv_aids,3508306,3.3304299978548437,5.5286878752432775,0.05186921960943658,300
hiv_aids,3508405,0.663863823616818,1.0663289448219497,0.008441678475251568,300
hiv_aids,3508504,1.3352120018588647,2.3214546513899434,-0.03511488410267449,300
hiv_aids,3508603,0.2955042709219296,0.8122554032985058,0.06308109858537281,300
hiv_aids,3508702,0.7682407899952817,1.3471894568654432,0.1088870562811366,300
hiv_aids,3508801,0.1669779807717531,0.7068505835630593,0.01384511710444225,300
hiv_aids,3508900,1.1017304227718254,3.641348637623779,0.00024598443191359287,300
hiv_aids,3509007,0.6219187451602096,0.8436083192030039,0.05728272307202986,300
hiv_aids,3509106,0.8745901718986564,2.9208710979418897,0.0008509021903022607,300
hiv_aids,3509205,1.4958741090041479,3.512700622057921,-0.20783254103470283,300
hiv_aids,3509254,1.1737363132522312,1.5246294784356296,0.042646135595521995,300
hiv_aids,3509304,0.3331988863372601,1.4921560736011885,0.17344016591243194,300
hiv_aids,3509403,2.728419426863925,3.536591264448913,-0.015338039375548673,300
hiv_aids,3509452,0.2557672163576254,1.6495397497701858,0.19033107498007829,300
hiv_aids,3509502,5.1793195545532456,6.522158463789912,-1.9965685318211208,300
hiv_aids,3509601,1.0605924405498384,1.3930729360962206,0.21900264402142944,300
hiv_aids,3509700,1.0154845460253212,1.5796020187255975,0.09904050512262008,300
hiv_aids,3509809,0.2773400891646198,1.6686729150940172,0.0032529516869719277,300
hiv_aids,3509908,1.2804912539621975,2.37239227895844,0.08330238319357175,300
hiv_aids,3509957,4.296568506927662,5.3824589140512815,-0.1963710330135151,300
hiv_aids,3510005,2.0958030848305986,2.6509051659723992,-0.237857520282446,300
hiv_aids,3510104,0.378120502744576,2.9871387778169516,0.6543168956029543,300
hiv_aids,3510153,0.32360078137627096,1.953713615062618,0.004979582603850785,300
hiv_aids,3510203,0.2873040535388778,0.549540848766389,0.05004950378180917,300
hiv_aids,3510302,1.6975413274212925,2.356793509452144,0.03298615424938334,300
hiv_aids,3510401,2.088204038232938,3.583738949857712,-0.1979940694044866,300
hiv_aids,3510500,0.6845139604362933,1.069259000073313,0.1684739251125581,300
hiv_aids,3510609,0.4818797071951701,0.6394957773566744,0.2139915300589169,300
hiv_aids,3510708,3.4146946090365495,4.628934722484691,0.14139424033547465,300
hiv_aids,3510807,1.40138108879218,2.5980416670594084,-0.3990601854131999,300
hiv_aids,3510906,1.1559617476653403,5.240135096666304,0.05686174405483624,300
hiv_aids,3511003,0.45960300375911745,1.3822925455432793,-0.000794815931109305,300
hiv_aids,3511102,2.7922159774881545,3.4571389473443164,0.4018654513962139,300
hiv_aids,3511201,2.2294608127029747,6.002061638335819,0.04609500232825703,300
hiv_aids,3511300,6.392317302519457,6.8256634614210405,-0.8494327318512025,300
hiv_aids,3511409,1.2602418555925685,2.8922682943775153,-0.1227124062583329,300
hiv_aids,3511508,0.6034115632255613,0.8800485187657671,0.07684871387045877,300
hiv_aids,3511607,0.18161679103178213,0.7915107388024779,0.005867140897314327,300
hiv_aids,3511706,0.8200742036168649,2.345549147802939,-0.11448045078127933,300
hiv_aids,3511904,0.5279634957915204,2.0837884166386504,0.009044235365972875,300
hiv_aids,3512001,1.581166324456874,2.263391787149966,0.03325474957183949,300
hiv_aids,3512100,5.873841739199338,6.8327325322594525,-0.4027440376312408,300
hiv_aids,3512209,0.6246018531735782,1.1895610607727665,0.019366771488622425,300
hiv_aids,3512308,5.326191406411416,6.5948971196196275,-2.615767188341511,300
hiv_aids,3512407,1.2482829816431609,1.7884605551415402,0.034949975589414595,300
hiv_aids,3512506,0.9720472891665759,2.653262422426022,0.10232923488952217,300
hiv_aids,3512605,0.1525845244120827,1.2282104763568502,0.005066169428457834,300
hiv_aids,3512704,0.967179077161358,4.430296912371091,0.0024697856916724437,300
hiv_aids,3512803,9.671383840491181,12.61868370717429,-3.5999359021626427,300
hiv_aids,3512902,4.1372405038794655,4.706930440433099,-0.1307091220298502,300
hiv_aids,3513009,0.5024441587933256,0.7169214714684814,0.02790923188813088,300
hiv_aids,3513108,2.2611699589329013,3.7394692216235628,-0.28721046763995006,300
hiv_aids,3513207,0.7267108337024746,2.169845529815115,0.0006547761277815312,300
hiv_aids,3513306,2.210479201620191,8.752660929653374,-0.05156166715637145,300
hiv_aids,3513405,2.8902628032171966,4.647704629631929,-0.6314683434524697,300
hiv_aids,3513504,1.318586345637669,1.762231273007263,0.5640525108554237,300
hiv_aids,3513603,0.21378133000807728,0.7024124634838897,0.05741310175627812,300
hiv_aids,3513702,0.613754232918619,0.9464407260201051,0.08020625418843197,300
hiv_aids,3513801,1.2736267331345617,1.5315197706680062,-6.205476358362997,300
hiv_aids,3513850,0.0,0.0,1.0,300
hiv_aids,3513900,0.28720785926288883,1.1184799411341944,0.00023255044887238174,300
hiv_aids,3514007,1.7073468491863908,3.4049843297730136,0.0852592141411862,300
hiv_aids,3514106,1.0013331968738408,1.4816626406428701,0.05977192208911031,300
hiv_aids,3514205,0.9029229943709045,4.537516444504411,0.00013042145478669998,300
hiv_aids,3514304,1.2588709110690752,3.1508798526815793,0.2757647689442544,300
hiv_aids,3514403,0.6840976885378486,1.2671122493296276,0.07664509040931244,300
hiv_aids,3514502,0.5941815087784241,2.490178261334235,0.10025265899721691,300
hiv_aids,3514601,4.680713185695014,6.323414671954033,-0.10602310153016758,300
hiv_aids,3514700,1.74742985839017,4.1141933421265735,0.0004097344088633825,300
hiv_aids,3514809,0.5798923325676479,1.4022386782371374,0.0009051115908900176,300
hiv_aids,3514908,3.8681491622557003,4.80081253357123,-0.2362395999320579,300
hiv_aids,3514924,2.7777149577307263,7.843933943436154,0.08745215711238374,300
hiv_aids,3514957,4.299830062526595,9.875970174695528,0.05109358270073938,300
hiv_aids,3515004,0.4805960723503177,0.6182216782837818,0.027508624476160426,300
hiv_aids,3515103,0.4740812255283362,0.7031373323999123,0.043106340842905544,300
hiv_aids,3515129,2.905761341016435,7.059821833449246,0.08146487283843884,300
hiv_aids,3515152,0.9393106104391952,2.6615139443727784,-0.07570005625572263,300
hiv_aids,3515186,0.273273490396414,0.7052378239476326,0.09085613813761961,300
hiv_aids,3515194,0.7232059705731559,2.8164479084138163,0.0027574689958957954,300
hiv_aids,3515202,0.3037427596139622,1.328754104249248,0.0005873949193366812,300
hiv_aids,3515301,2.3007571299913763,6.907684460230949,0.0776108643004817,300
hiv_aids,3515350,0.4617236692324185,1.5477408321740904,0.0010571463428914463,300
hiv_aids,3515400,1.4310386160720467,2.496611274042794,0.05666957020807839,300
hiv_aids,3515509,1.0149709295795855,1.6358326743035128,0.11005054917058699,300
hiv_aids,3515608,2.217376130967612,6.13329267451659,-0.1274726244807871,300
hiv_aids,3515657,0.4020750717669182,3.4491272440281104,0.0025240632874010682,300
hiv_aids,3515707,0.8699397187167833,1.1411832237286563,-1.6066355257811273,300
hiv_aids,3515806,0.28385491353340425,2.8900555330213833,0.48075452616815584,300
hiv_aids,3515905,2.494591211301391,6.971985380348136,0.003894043052785845,300
hiv_aids,3516002,1.4345044500057347,2.3266896075453265,0.07248575143646496,300
hiv_aids,3516101,0.4866871004647908,2.931884567586925,0.0010242912156326334,300
hiv_aids,3516200,0.591720944874556,0.7866621022944545,0.17601040659442968,300
hiv_aids,3516309,0.6072936504225739,0.8769537529430395,0.25081930651538364,300
hiv_aids,3516408,0.6715949259853186,0.9299971428884926,0.12559752257608292,300
hiv_aids,3516507,0.9810226916668637,5.152000024837917,0.010086384530841541,300
hiv_aids,3516606,1.588569994797188,4.865832971164895,-0.07338314124191281,300
hiv_aids,3516705,1.0006304862847024,1.2617435856697585,0.051308053991380165,300
hiv_aids,3516804,0.49626146309453606,2.488474043126958,0.0011896946314824408,300
hiv_aids,3516853,0.16406658060105528,1.4135331867462155,0.0032516064616423535,300
hiv_aids,3516903,4.51848683316251,4.630002589822884,-0.5093562478370712,300
hiv_aids,3517000,0.8642968108380088,1.8574881070937406,0.041756390299908186,300
hiv_aids,3517109,0.14453354076619596,1.2036943770998005,0.006457033101990639,300
hiv_aids,3517208,0.18355420280886306,0.9417079387958702,0.004127557579997054,300
hiv_aids,3517307,0.8228587696928915,2.7152251002624967,0.01208852045687192,300
hiv_aids,3517406,1.0781235483580558,2.0230220216909354,-0.2636082111302729,300
hiv_aids,3517505,3.0046692175985603,3.7451889517686148,0.08974097744432086,300
hiv_aids,3517604,0.14197921212015158,0.6183594701058159,0.003551703336079459,300
hiv_aids,3517703,0.5539322074167788,1.3306831362549052,0.11410091348382878,300
hiv_aids,3517802,1.2523800027389351,3.3415129508793884,0.006818192166905046,300
hiv_aids,3517901,1.774830534323133,3.6558765002877602,0.04846194486473876,300
hiv_aids,3518008,1.4993955071692626,7.203349409163335,0.04501491045279715,300
hiv_aids,3518107,1.4047286637234742,4.489387700203623,-0.02310939391241429,300
hiv_aids,3518206,1.1585987736944003,1.535789306815248,-0.23179063825662527,300
hiv_aids,3518305,1.0619096082467414,1.7123946712184084,0.013967505046725615,300
hiv_aids,3518404,4.595177720797488,6.688504594343278,-10.297743756080058,300
hiv_aids,3518503,1.7730212662637483,2.4546937054999796,-0.2777251359068753,300
hiv_aids,3518602,1.4581622088700161,2.9519502516511458,-0.2962192472086915,300
hiv_aids,3518701,1.5927292360328729,2.8381787455946332,0.5534326118626761,300
hiv_aids,3518800,1.0863585628918118,1.5343280529439043,-7.123017075794426,300
hiv_aids,3518859,2.3678742740957492,6.170362460684428,-0.09208618524743728,300
hiv_aids,3518909,0.4929257148002777,2.959329290846074,0.04754493117473868,300
hiv_aids,3519006,0.6159006396299445,2.3275182721400367,0.08914020687322433,300
hiv_aids,3519055,7.077279790412473,9.357094645356964,-0.29091627273604526,300
hiv_aids,3519071,9.832012664967348,12.426339463246107,-2.563988833580715,300
hiv_aids,3519105,1.7278570877347825,2.921568976553525,-0.16381627219448247,300
hiv_aids,3519204,0.8355283146784056,3.4488404267333115,0.08880291841014987,300
hiv_aids,3519253,10.117377156125945,12.84082410054244,-0.6751733979835577,300
hiv_aids,3519303,1.320172870171247,1.82497893697754,-0.04987108139984975,300
hiv_aids,3519402,3.67176639644451,4.6869143083798255,0.04839555167853893,300
hiv_aids,3519501,0.7937232805739968,2.453086010282234,0.0062904270009391805,300
hiv_aids,3519600,1.344969586746122,1.7456074967705035,-0.7733952338859169,300
hiv_aids,3519709,0.34919603995727744,0.5646979375351372,0.06631425440607852,300
hiv_aids,3519808,6.462223150797734,7.080737588403096,-0.4027023895354449,300
hiv_aids,3519907,1.2087676569785315,3.2176382572096047,0.25045943660714554,300
hiv_aids,3520004,1.396167892672115,1.8012074827228686,-0.0073231912555609124,300
hiv_aids,3520103,0.8274627579274516,1.510303945206315,0.07117425678441403,300
hiv_aids,3520202,0.8194062450109769,2.7614717853277884,-0.02398475528499766,300
hiv_aids,3520301,0.9350920047027534,1.5982883881935275,0.005976083877103577,300
hiv_aids,3520400,1.8615867222236833,3.0977742353858058,-1.3645307770283472,300
hiv_aids,3520426,2.2404258594023942,4.03911027098819,0.11824955944400795,300
hiv_aids,3520442,0.27989653101581075,0.8101871051732255,0.0013416092710640815,300
hiv_aids,3520509,1.5567297952000239,2.3251131734725416,0.1453553169141385,300
hiv_aids,3520608,1.1761079558916643,3.4840853352913013,0.003584575789032929,300
hiv_aids,3520707,0.6914859935786866,3.015757050577484,0.0005347762515350851,300
hiv_aids,3520806,11.528244333639213,38.03701713308425,0.28242888369945496,300
hiv_aids,3520905,1.6086410513359077,2.3603187443069436,-0.009547205047833351,300
hiv_aids,3521002,2.33629742763057,2.95925513394708,-0.453907206599208,300
hiv_aids,3521101,0.18869200340945344,1.1430547984846717,0.004018797927306417,300
hiv_aids,3521150,3.080765853045705,5.996475991237582,0.001132064273187905,300
hiv_aids,3521200,0.7770816618946174,2.117281632275848,0.09073513032679226,300
hiv_aids,3521309,0.47427667277019564,1.6932091983056279,0.04727330020764009,300
hiv_aids,3521408,1.9508372334948005,8.894700458971862,0.07650269879531302,300
hiv_aids,3521507,3.396150713829271,6.594531851456567,0.15755561887908964,300
hiv_aids,3521606,0.781560234138041,2.6494334881013195,0.029689370990731323,300
hiv_aids,3521705,0.4276552395902746,1.3854494934025439,0.06617029706656075,300
hiv_aids,3521804,2.834312205059776,3.7278854233469665,-0.13346311248442966,300
hiv_aids,3521903,1.879794660145391,3.1918135958833256,-0.009776536332449126,300
hiv_aids,3522000,0.0,0.0,1.0,300
hiv_aids,3522109,0.5261511772149466,0.8095036852329007,-0.05904199788733577,300
hiv_aids,3522158,0.20604425154864442,1.7299005881967342,0.0035440527035213165,300
hiv_aids,3522208,0.472861375918939,0.6142533285762305,0.05446098746381567,300
hiv_aids,3522307,0.4217305526632756,0.5419462234926368,-0.19137951094500338,300
hiv_aids,3522406,0.13188433676890898,0.3024562763316997,0.08944715831090821,300
hiv_aids,3522505,0.757020475897698,0.9204854901888887,-0.4273664705540974,300
hiv_aids,3522604,2.84991841101849,3.7832793228846135,-0.3683031460625241,300
hiv_aids,3522653,0.0,0.0,1.0,300
hiv_aids,3522703,1.2373246755480936,1.4683608967103612,-0.034810725179614366,300
hiv_aids,3522802,1.2176406360055627,3.2062606389192148,-0.1350035404867873,300
hiv_aids,3522901,0.32656282203961734,1.143843223924043,0.0010804088256261002,300
hiv_aids,3523008,1.3458623334255977,3.474307502382559,0.07665978437636789,300
hiv_aids,3523107,0.37337994383530654,0.5032677722355496,0.18797130075714674,300
hiv_aids,3523206,0.1260782728061207,0.2994208425741712,0.09104759911379057,300
hiv_aids,3523305,0.3599481984640529,1.075561931200378,4.045624227222433e-05,300
hiv_aids,3523404,1.4036108191254726,1.741581981024937,-0.2908794225339666,300
hiv_aids,3523503,1.2656771346720164,2.102105320180397,0.11919058161531837,300
hiv_aids,3523602,0.9776111153444023,2.4929136525837285,-0.05460754456058181,300
hiv_aids,3523701,0.8582799928865855,2.526435091950326,0.10712320946008724,300
hiv_aids,3523800,0.7274030973429498,2.350824227453941,0.09288561392656902,300
hiv_aids,3523909,1.1206477613816566,1.4204895358777738,0.05226868841841237,300
hiv_aids,3524006,1.3043972081886586,2.1901542854286564,-0.18780683470317894,300
hiv_aids,3524105,0.7344509455858703,1.348586773668461,0.4267589328995183,300
hiv_aids,3524204,2.493871510103981,4.45973618796272,0.06159161395952584,300
hiv_aids,3524303,1.7991839303384733,2.2939142930302827,0.21724712595906281,300
hiv_aids,3524402,1.1171941272500783,1.5665245621694814,-0.014752202590485153,300
hiv_aids,3524501,10.02812129633903,15.217698169816842,-0.27185351264672697,300
hiv_aids,3524600,0.6507369568260949,1.6342662194683337,-0.01794667551925455,300
hiv_aids,3524709,4.063089990591491,5.297760418025188,-1.1549465090866495,300
hiv_aids,3524808,0.7706146655978495,1.1574795243845715,0.1952220072058013,300
hiv_aids,3524907,1.3686906142303394,3.2486245036165204,0.06930017054591786,300
hiv_aids,3525003,0.6014008753851466,0.727570328492444,0.05245191837351648,300
hiv_aids,3525102,3.2035961809111964,4.13200354893017,-0.5569824077230863,300
hiv_aids,3525201,1.5950463472922438,3.5152455727038623,-0.21904817276269672,300
hiv_aids,3525300,1.7569491420300247,2.199156952459493,-1.5231016115380087,300
hiv_aids,3525409,1.2095000154182374,5.047965209762098,0.00044941715052049247,300
hiv_aids,3525508,0.2573301103039193,1.2747809542000272,0.06032278067566921,300
hiv_aids,3525607,0.6436515600025032,2.7724898269915643,0.016035766298416854,300
hiv_aids,3525706,2.190309232948803,2.889588571682437,-0.025420737460905007,300
hiv_aids,3525805,2.554431622435673,5.361429675393055,0.0006230332397575422,300
hiv_aids,3525854,0.0,0.0,1.0,300
hiv_aids,3525904,2.1192782114348137,2.9870233290828865,-0.9749093296559037,300
hiv_aids,3526001,0.6357098275910605,1.520814813576672,0.040066671700087486,300
hiv_aids,3526100,0.4738759114394809,1.747561797824008,-0.00820063000250637,300
hiv_aids,3526209,0.5432462867738432,1.0038252081915517,0.06664377248298314,300
hiv_aids,3526308,1.766009261026076,4.338298280695772,0.08735755302075698,300
hiv_aids,3526407,0.4383995096964452,1.0615427163844622,0.06303776488308965,300
hiv_aids,3526506,3.152598161129913,4.535912129382289,0.05869292573209628,300
hiv_aids,3526605,2.057220734246866,5.101501291763389,0.1324426529038938,300
hiv_aids,3526704,0.9977065147131645,1.6105520373415907,0.47370654385449695,300
hiv_aids,3526803,0.7782638690217096,1.1990761805046348,0.3403705363852485,300
hiv_aids,3526902,2.1408171121373303,3.946279412869048,0.501888123449098,300
hiv_aids,3527009,1.447626501354366,3.682614479899257,0.09765768129110497,300
hiv_aids,3527108,0.46740430571168756,0.603018493059162,-0.11130817899598067,300
hiv_aids,3527207,1.5029021616440472,2.6545623138833876,-0.43886779849651547,300
hiv_aids,3527256,0.0,0.0,1.0,300
hiv_aids,3527306,1.3338847324768965,1.6560044495612198,0.027962204752680853,300
hiv_aids,3527405,1.3804442757250217,1.826739373166267,0.01571931410537697,300
hiv_aids,3527504,3.0465679242146866,9.005898198079741,0.12797065411882325,300
hiv_aids,3527603,2.096204917964297,4.470900338750408,0.06781210976896457,300
hiv_aids,3527702,0.12166966056606673,1.1395612260733907,0.2859712736325456,300
hiv_aids,3527801,0.7361586944479052,3.408670124553154,0.003955071193405879,300
hiv_aids,3527900,1.549512231617215,5.196975360056481,0.0019160495895782503,300
hiv_aids,3528007,0.9621403055964343,1.5542780427148852,-0.02761269138581457,300
hiv_aids,3528106,0.7437576351082413,2.203210331750715,0.0006711367842067162,300
hiv_aids,3528205,0.0,0.0,1.0,300
hiv_aids,3528304,2.4424671932676802,7.019478919129225,0.07664139855168461,300
hiv_aids,3528403,0.5092965107353683,0.8970004610887021,0.018540832900062476,300
hiv_aids,3528502,0.5865900818095906,0.8854317031813453,0.08190520018943315,300
hiv_aids,3528601,2.016943709976703,3.4801934425447514,0.06337302905049069,300
hiv_aids,3528700,0.5451473075724457,3.0365644572235535,-0.02852065307435847,300
hiv_aids,3528809,0.8372708683050886,1.7873058755866726,0.06550829959442894,300
hiv_aids,3528858,0.7241900272376957,3.7057461630053683,1.8058851682156707e-05,300
hiv_aids,3528908,0.5057360749383912,2.5063291066903783,0.0011137622038810413,300
hiv_aids,3529005,3.16797342092398,3.9661478299509785,-12.404606734703274,300
hiv_aids,3529104,0.3254358971137164,2.7174114510846152,0.003852063873215683,300
hiv_aids,3529203,0.9428727401230318,1.5588254630131828,0.05044771177231511,300
hiv_aids,3529302,1.2902298819571398,1.754750440329316,0.01585253438081935,300
hiv_aids,3529401,0.4823902716506701,0.597990960355396,0.09370198080633763,300
hiv_aids,3529500,4.376122760706929,12.160019599890516,-0.13912168807916792,300
hiv_aids,3529609,1.681607075324572,3.89505432013167,0.045392575800442536,300
hiv_aids,3529658,0.0,0.0,1.0,300
hiv_aids,3529708,1.3257743303378333,2.2863981611494757,0.17901315477332957,300
hiv_aids,3529807,0.49793512147806107,2.1458600967307038,-0.04564417724919401,300
hiv_aids,3529906,0.6219102388789542,1.730558881833919,-0.0732966935103454,300
hiv_aids,3530003,0.23718022822158916,2.0252506851864434,0.006317667387331416,300
hiv_aids,3530102,1.2490141880959313,2.6767008528296024,-0.18271607458947425,300
hiv_aids,3530201,1.699588550589374,2.764155704639294,0.04145392886507082,300
hiv_aids,3530300,4.1810409020051935,5.979153233546361,-0.570400828290264,300
hiv_aids,3530409,7.578556048388157,12.720278104178037,0.1555118340614129,300
hiv_aids,3530508,2.465800953978558,2.997599062214936,-0.3615018220666235,300
hiv_aids,3530607,0.828929146205582,1.0450662723068538,-1.5348223934819276,300
hiv_aids,3530706,0.6114586106985508,0.7916118843943607,0.09978071129291499,300
hiv_aids,3530805,1.1759120062899386,1.5453225596447024,0.07557051810652415,300
hiv_aids,3530904,0.0,0.0,1.0,300
hiv_aids,3531001,1.2457571715562747,5.408526958036361,8.621902201677578e-05,300
hiv_aids,3531100,1.261693289399984,1.774756029198046,-0.00043093063079258087,300
hiv_aids,3531209,0.0,0.0,1.0,300
hiv_aids,3531308,1.651272272589892,1.9904221154376731,0.19857349546393854,300
hiv_aids,3531407,3.2035730530561195,4.029322322929952,-0.14043786875574882,300
hiv_aids,3531506,0.9987851444939914,1.803614639602661,0.059659645724745025,300
hiv_aids,3531605,0.0,0.0,1.0,300
hiv_aids,3531704,0.15457624831105257,1.2355850364414316,0.005092496118594636,300
hiv_aids,3531803,7.950023838607602,10.365965269073513,-2.481457343468823,300
hiv_aids,3531902,0.4639199029711962,1.0943606142844808,0.05163667380594239,300
hiv_aids,3532009,0.8707758329009513,2.1309272938656685,0.04882044595592916,300
hiv_aids,3532058,0.5024988303707968,3.6779827181330242,0.41949776519992854,300
hiv_aids,3532108,0.3106149904880477,1.9245651366885121,0.00117756500443722,300
hiv_aids,3532157,1.2592986670477175,5.41732010426846,0.057250145688301,300
hiv_aids,3532207,2.7302980915972133,7.461160560017104,-0.06249448155430315,300
hiv_aids,3532306,0.10263277786376461,0.8596877615214239,0.007922411287256015,300
hiv_aids,3532405,0.39354631608309876,1.1455439983407334,0.0860437902944936,300
hiv_aids,3532504,7.524170839946658,9.259163437883583,-0.7349473802790123,300
hiv_aids,3532603,1.051313321641363,2.766747789592613,0.03018196034056031,300
hiv_aids,3532702,4.430728838236678,7.682936020451122,0.023665252161562123,300
hiv_aids,3532801,5.235941823316144,7.360044439566078,0.009210416230501561,300
hiv_aids,3532827,0.07875961126039734,0.6671364676585321,0.0070986549889273665,300
hiv_aids,3532843,0.3334474091951217,2.789052050069816,0.007347472139569655,300
hiv_aids,3532868,2.5103478121207474,12.211381139274357,0.06901215647766057,300
hiv_aids,3532900,1.1822128782201329,2.7677509318111633,0.09551375123723338,300
hiv_aids,3533007,1.9905776545838982,2.9046683052068305,0.01799667003082772,300
hiv_aids,3533106,1.8049818278388046,6.851229345835578,0.06529856956137703,300
hiv_aids,3533205,4.231105688868055,7.898519921343076,0.0037743402167241813,300
hiv_aids,3533254,3.7209088048529915,8.01335729145253,0.02155850505560497,300
hiv_aids,3533304,1.0155942629646701,3.9860081800846636,0.002818637723535411,300
hiv_aids,3533403,0.7890683409134539,1.0680687352559994,0.04226559503788996,300
hiv_aids,3533502,1.1633069299831902,2.16809576465388,-0.37551960793304917,300
hiv_aids,3533601,1.335333880950748,3.417102792406805,0.08167317041283129,300
hiv_aids,3533700,0.8980556533716446,4.312937118429103,0.2378810388408541,300
hiv_aids,3533809,0.24572222289954093,2.12090829745459,0.0026793989661638706,300
hiv_aids,3533908,1.0622473232212937,1.5152967029313835,0.06681748584355651,300
hiv_aids,3534005,5.192460922181503,10.378354959816589,0.07142963673876424,300
hiv_aids,3534104,0.6254407713322494,2.2501462047658762,0.0005968194045695707,300
hiv_aids,3534203,8.599161766440039,9.294708799415139,-0.46102491658853406,300
hiv_aids,3534302,0.5130003241256169,0.8999008878361887,0.1640711828293051,300
hiv_aids,3534401,0.4163715612335408,0.5145280868691517,0.29390158264374056,300
hiv_aids,3534500,1.2840551915693663,5.99169615501033,0.06383916281126656,300
hiv_aids,3534609,0.9966825385707428,1.5637015027611079,0.10784541279182258,300
hiv_aids,3534708,1.3393422401577417,1.9285891773223272,0.2923761357555056,300
hiv_aids,3534757,0.5775232535191428,2.119521768511964,0.021479665060657793,300
hiv_aids,3534807,0.22323515192324778,1.1857154565074874,0.2471866124204628,300
hiv_aids,3534906,2.291967793420848,3.256361038552292,0.049760993331541825,300
hiv_aids,3535002,2.241556666050532,4.311690638571193,-0.020103627653595524,300
hiv_aids,3535101,4.6825311658171405,7.944659807554514,0.10557464729052768,300
hiv_aids,3535200,0.7246408912647708,2.211848702194325,0.07620958659384525,300
hiv_aids,3535309,2.2684249447155795,3.123938134508005,-1.8031682914840848,300
hiv_aids,3535408,0.6213033252351242,1.8019398901394448,0.04381401114840666,300
hiv_aids,3535507,0.6100373263899305,1.132706385866125,0.14374089278193225,300
hiv_aids,3535606,0.8222936349884358,1.9422397003293512,-0.015352032127860848,300
hiv_aids,3535705,4.48550116971875,6.36441485274621,-0.19628488611341233,300
hiv_aids,3535804,0.7615178743737987,1.4943580192840287,0.01932481156186361,300
hiv_aids,3535903,1.0983289723874399,3.6149358074674907,0.09348097106294007,300
hiv_aids,3536000,0.5619568539401983,2.163828433507756,0.1541025597560608,300
hiv_aids,3536109,0.69132985318122,2.814589800181239,0.001933663241944883,300
hiv_aids,3536208,0.648064727638205,1.652833356248666,0.01750674224652793,300
hiv_aids,3536257,7.014307121027883,22.76605259762983,-0.06993400970430796,300
hiv_aids,3536307,0.09826521509818315,0.5913379161046948,0.0011583797138448038,300
hiv_aids,3536406,2.855955558320868,4.291347703861832,0.04193650845491603,300
hiv_aids,3536505,1.0698280188823182,1.2889975457332912,-0.21563186914441435,300
hiv_aids,3536570,0.6886672332674159,4.253621206266524,0.0037849222085815093,300
hiv_aids,3536604,3.9798228513282794,6.319823028715565,0.021337896109699606,300
hiv_aids,3536703,0.9620589041443617,1.456068821187235,0.25160491722741885,300
hiv_aids,3536802,0.37907761703353327,1.5137450509848822,0.24624639882413457,300
hiv_aids,3536901,0.5048461869224107,3.129512617608443,0.0004047251460131962,300
hiv_aids,3537008,0.9212650476284261,1.868257497051954,0.04811097312656887,300
hiv_aids,3537107,8.908132031792226,11.11520227584676,-6.28807930332942,300
hiv_aids,3537156,0.0,0.0,1.0,300
hiv_aids,3537206,0.9847418522478972,3.2017491178179833,-0.02026878392060305,300
hiv_aids,3537305,0.7307324309956008,0.8666973011036655,0.02065161544734484,300
hiv_aids,3537404,1.5835449293276747,2.3158162609142385,0.06419655980969718,300
hiv_aids,3537503,1.1375200351584587,3.9921728146842117,-0.06837738374045199,300
hiv_aids,3537602,0.6997742049773394,1.1106462959251573,0.18644795546271153,300
hiv_aids,3537701,1.6952733930938515,3.718979268674415,0.05479470354434768,300
hiv_aids,3537800,1.0208472270925641,1.316379897748713,0.04224716233011516,300
hiv_aids,3537909,0.7006127224801076,1.1391670064565362,-0.061764929858639794,300
hiv_aids,3538006,0.5805421457226629,0.771899562158496,0.1017623919921603,300
hiv_aids,3538105,3.148490278827491,4.443033202576523,0.21590226011657743,300
hiv_aids,3538204,1.4500125537248667,2.766250155510721,0.09361567958202499,300
hiv_aids,3538303,0.5459900088165169,2.7468843540687824,2.4220005734765238e-05,300
hiv_aids,3538501,0.7489538712499709,2.708252779655738,-0.07850007387536495,300
hiv_aids,3538600,0.6272329757932166,1.0736912860507297,-0.007440291206847638,300
hiv_aids,3538709,0.8508775608424286,1.2266419026673276,0.30023790560273056,300
hiv_aids,3538808,0.693517030736892,1.5623262287723165,-0.005601422817336443,300
hiv_aids,3538907,2.061061447231016,2.90844120177178,0.1917731476399639,300
hiv_aids,3539004,2.6395118355712808,4.453620061027152,0.05060990814051802,300
hiv_aids,3539103,1.038160282816438,2.5252328682737297,-0.04079543118961437,300
hiv_aids,3539202,2.7359379902304592,3.372135628483243,-0.5550773057017153,300
hiv_aids,3539301,1.4801566876667815,1.9539924205984738,-2.3676889891530912,300
hiv_aids,3539400,2.4612638433295833,3.7855732801698845,-0.0010872181425374272,300
hiv_aids,3539509,5.161818061399728,5.980846412720486,-5.723446238402004,300
hiv_aids,3539608,0.7131421606048601,2.8127554591789634,0.0002795730514089101,300
hiv_aids,3539707,11.282058943347684,13.657352404456253,-2.2128134625043274,300
hiv_aids,3539806,0.8505084869927582,1.2827557407536847,-0.3201906563214123,300
hiv_aids,3539905,5.052722187390026,7.966557913089617,0.025797190819334848,300
hiv_aids,3540002,1.2926443716544174,2.8741635785985102,-0.25302501576190295,300
hiv_aids,3540101,0.0,0.0,1.0,300
hiv_aids,3540200,1.7075425724217743,2.3018896215953135,0.21056041073056997,300
hiv_aids,3540259,0.0,0.0,1.0,300
hiv_aids,3540309,0.5195470853855845,3.1600240295311166,0.0003046330249951712,300
hiv_aids,3540408,0.9280170558243622,3.837627279566689,4.5535135439589425e-05,300
hiv_aids,3540507,0.7654402447456787,2.951166039633497,-0.013252441657941594,300
hiv_aids,3540606,0.6008269181043194,0.8900004135931396,0.07775270562624714,300
hiv_aids,3540705,0.6580219140289557,1.0862872787653957,0.10745592909737667,300
hiv_aids,3540754,1.2895542911054858,3.4771928124178917,-0.05816843363221813,300
hiv_aids,3540804,3.345305169574024,4.098381085457496,-0.1548827666803796,300
hiv_aids,3540853,3.090530333013686,9.81235366047533,0.09645640915624765,300
hiv_aids,3540903,0.6773748286406175,2.0737952904011414,-0.0709461635533235,300
hiv_aids,3541000,0.9252711970360022,1.351705395042482,-0.6608085507680894,300
hiv_aids,3541059,0.9532729262546408,3.1794640179765237,0.0898918562517611,300
hiv_aids,3541109,0.0,0.0,1.0,300
hiv_aids,3541208,1.5020348089558013,3.3452714894682964,-0.04079089136427538,300
hiv_aids,3541307,1.0363760106999245,1.1908573729335994,0.01613399973866303,300
hiv_aids,3541406,2.761957428075016,3.8180703989411473,-4.50100306479992,300
hiv_aids,3541505,0.9068461978338377,1.6171640770626352,0.0209065575043903,300
hiv_aids,3541604,0.6257122985709678,0.9145239774027898,-0.0751510536051565,300
hiv_aids,3541653,0.8504469913399099,4.516360882192007,0.003113672799831213,300
hiv_aids,3541703,1.2337389619064367,2.6215629519007453,0.011762833508507597,300
hiv_aids,3541802,2.5390191495304686,9.091063477953242,0.17362030711334453,300
hiv_aids,3541901,0.8771177916697864,3.0685344334356475,-0.02823309617822245,300
hiv_aids,3542008,2.209244736687821,5.535824082519521,-0.06623853309969707,300
hiv_aids,3542107,3.876637539548675,8.355131392719946,-0.03785196237963406,300
hiv_aids,3542206,0.6384921386290734,1.1861269730999158,0.024812512847455337,300
hiv_aids,3542305,0.0,0.0,1.0,300
hiv_aids,3542404,1.4936459067562822,1.9295877788060378,-0.11056637679545278,300
hiv_aids,3542503,1.8117945273325908,4.732435251852338,0.1422010337467251,300
hiv_aids,3542602,0.515630730063427,0.7569275895838716,0.03401073053750314,300
hiv_aids,3542701,1.5836051304785046,4.344327276501528,0.03417084417553384,300
hiv_aids,3542800,0.0,0.0,1.0,300
hiv_aids,3542909,0.8245060059948167,2.5090281636327063,-0.07836792135215842,300
hiv_aids,3543006,0.2763200313296207,0.633796719147826,0.1526827912021519,300
hiv_aids,3543105,0.40625931984426317,2.5218646454918074,0.7933853847591572,300
hiv_aids,3543204,0.8695565202521984,3.0752513973593394,0.001232129815394667,300
hiv_aids,3543238,0.30050231168643876,2.5670347038188446,0.002085465346869375,300
hiv_aids,3543253,0.0,0.0,1.0,300
hiv_aids,3543303,0.4409167696440854,0.5420207009775935,-0.03437191344867219,300
hiv_aids,3543402,1.791498616411296,2.533786349497671,0.49801720734739663,300
hiv_aids,3543501,0.20828130419770916,1.2393668416573274,0.004973505692675184,300
hiv_aids,3543600,0.5419824648699036,2.780632347903343,-3.280788996318229e-05,300
hiv_aids,3543709,1.7651815169540008,3.7718836284641286,0.08546369285706068,300
hiv_aids,3543808,1.148775247411861,2.0858810756264945,-0.059505773688289576,300
hiv_aids,3543907,0.751256949422077,0.9408988035936149,-0.41938781863699104,300
hiv_aids,3544004,0.6136213347932922,1.626216014478413,-0.09146983817372822,300
hiv_aids,3544103,0.6528364225704831,0.9117785976673953,0.02919816126007213,300
hiv_aids,3544202,4.129543789850534,8.085059464831685,-0.01581802926857212,300
hiv_aids,3544251,0.6483590650568394,2.0040919092197034,-0.04246934846993655,300
hiv_aids,3544301,0.5831451677795634,1.8164533015717652,0.0858874169464644,300
hiv_aids,3544400,1.8802960673853333,5.798315144765281,0.0007666665307973775,300
hiv_aids,3544509,0.23315492010568595,2.017780244592149,0.0031768971466155094,300
hiv_aids,3544608,0.12415505461957942,1.0698507480461605,0.002429277683124287,300
hiv_aids,3544707,0.0,0.0,1.0,300
hiv_aids,3544806,2.746068682313401,5.411663043354213,0.021979385289437214,300
hiv_aids,3544905,1.737063577056734,10.629724222958135,0.23042181679830986,300
hiv_aids,3545001,0.7064345708676397,1.3591867796959256,-0.022649667235485005,300
hiv_aids,3545100,0.0,0.0,1.0,300
hiv_aids,3545159,0.0836244292070474,0.7037194400441033,0.0035576355368722723,300
hiv_aids,3545209,2.5012886178783402,3.1130946407736695,-10.710993830157838,300
hiv_aids,3545308,0.7721778988534722,1.1358251585691896,0.09069155762278347,300
hiv_aids,3545407,2.2279775925678407,3.558617507073638,0.0015972274504488793,300
hiv_aids,3545506,1.9736377006343537,5.096441142169793,0.04567246251025514,300
hiv_aids,3545605,1.545950185244132,2.7072237394074294,0.07909422667752941,300
hiv_aids,3545704,0.7971335795066765,3.468402761641231,-0.0007172594792237419,300
hiv_aids,3545803,0.48680707932768646,0.6644949537211876,0.17120436089260282,300
hiv_aids,3546009,2.3423312552199254,3.6219361048397944,0.10159644630904685,300
hiv_aids,3546108,0.0,0.0,1.0,300
hiv_aids,3546207,0.3559447240950337,1.9796281026346272,0.016884927226394453,300
hiv_aids,3546256,6.677801448117897,12.083265826604327,-0.03021818981346036,300
hiv_aids,3546306,0.39707540131185887,1.307397952655873,-0.057943329556017886,300
hiv_aids,3546405,0.7056578495085406,1.1079607818301658,0.07987553629412425,300
hiv_aids,3546504,2.370988641098848,4.601859894893216,-0.19107183582597909,300
hiv_aids,3546603,1.0725800513542947,1.7971520342457337,-0.04123599731120531,300
hiv_aids,3546702,0.24435829410928353,0.7721787351922955,0.002943206211631577,300
hiv_aids,3546801,0.38098421021873824,0.8952884017187893,-0.06417157744328583,300
hiv_aids,3546900,0.8540637373825871,3.022712914927622,0.044657893662293224,300
hiv_aids,3547007,1.9451356434632026,3.533660401083211,-0.018153963747236324,300
hiv_aids,3547106,0.0,0.0,1.0,300
hiv_aids,3547205,1.5700103089100446,6.812707965395189,0.0037632242052563214,300
hiv_aids,3547304,0.6785783530177127,0.83921673553723,-0.11826861867542005,300
hiv_aids,3547403,0.0,0.0,1.0,300
hiv_aids,3547502,1.4323037395383609,1.62653225931013,-0.06451498741838058,300
hiv_aids,3547601,1.743261013611253,2.314600768473058,0.12496179991186851,300
hiv_aids,3547650,0.0,0.0,1.0,300
hiv_aids,3547700,1.0185266818960177,1.4900020232924451,0.04993543790213739,300
hiv_aids,3547809,0.5582746734722159,0.785922154436978,-0.3947374853985508,300
hiv_aids,3547908,1.8746882533553677,6.041432907399926,-0.08872378870659992,300
hiv_aids,3548005,13.842174528562918,17.56056532370344,-1.8874307677412943,300
hiv_aids,3548054,1.3533029776625491,3.6003297098035096,0.02400013422552072,300
hiv_aids,3548104,0.33437849990364354,1.6725047396878296,0.0008154336107132343,300
hiv_aids,3548203,0.09952346341078266,0.8471287423380102,0.0029401216152649123,300
hiv_aids,3548302,1.9895335390908353,6.204948293884205,0.08384972811756852,300
hiv_aids,3548401,0.0,0.0,1.0,300
hiv_aids,3548500,4.399833153010436,6.643498913307659,-0.627685313894021,300
hiv_aids,3548609,0.12945020664423945,0.761636888717949,0.006941512082980328,300
hiv_aids,3548708,0.14731373950478055,0.1918530863642018,-0.010645979938453953,300
hiv_aids,3548807,0.4115859886678268,0.6545474031086819,-0.028067315255224434,300
hiv_aids,3548906,1.6587402790237826,2.332897299701292,-0.5122100525359448,300
hiv_aids,3549003,0.45256034160489433,2.7763065416564463,0.0016666137540390924,300
hiv_aids,3549102,1.5126503070901396,1.8110031113174188,-0.7497089449810808,300
hiv_aids,3549201,0.762565764859983,3.7639646270599734,0.006681525854798975,300
hiv_aids,3549250,2.9889869275861485,11.388715079581617,0.31907619341464244,300
hiv_aids,3549300,0.3119856992950975,2.6790999353866187,0.005960271760113933,300
hiv_aids,3549409,1.176204054615399,1.5041889892923848,-0.006913258096690633,300
hiv_aids,3549508,0.7580653025269629,2.6972097159023294,0.11957574503069501,300
hiv_aids,3549607,0.7661644130366353,4.008477845130083,0.12052593706248871,300
hiv_aids,3549706,0.8730436273058036,1.2055011015390473,0.1324588446570102,300
hiv_aids,3549805,1.702003168121791,2.3812901525731967,0.2799795811983272,300
hiv_aids,3549904,2.8996911664870644,4.795984544949277,-0.33982137893181874,300
hiv_aids,3549953,0.8448702738464976,1.9234965941398554,0.064871211047979,300
hiv_aids,3550001,0.12515732668900947,0.7596790607391598,0.0003902512613593867,300
hiv_aids,3550100,0.7498162510542736,1.351566010545814,0.01324811988164487,300
hiv_aids,3550209,0.10222614049475229,0.39536297347356947,0.003964630015369619,300
hiv_aids,3550308,1.3499787246338086,1.5679811059727966,-3.5303432856232257,300
hiv_aids,3550407,1.6699883820555803,2.0912807677423535,-0.2983852195633523,300
hiv_aids,3550506,1.0235246915460798,3.7871771110087247,0.04259505774942063,300
hiv_aids,3550605,0.5147709824999133,0.6610448074545966,0.05808740460980166,300
hiv_aids,3550704,1.40300182876388,2.0563432794801906,0.3846339263963007,300
hiv_aids,3550803,0.0,0.0,1.0,300
hiv_aids,3550902,3.3442509403689105,4.466803633193471,0.008655115371518307,300
hiv_aids,3551009,1.0400816112732831,1.4545691917327166,0.4900507801965226,300
hiv_aids,3551108,0.5446520243528886,2.2543039553465207,0.15170668764517614,300
hiv_aids,3551207,0.33790989646880293,2.097543162892827,2.114683309073495e-05,300
hiv_aids,3551306,3.386166033516119,6.6769810941175045,-0.029165432110250356,300
hiv_aids,3551405,6.52116106002001,8.385198296872677,-0.554809242159245,300
hiv_aids,3551504,2.0985369076754976,3.393946369685314,-0.3787620918011021,300
hiv_aids,3551603,1.8319767173101846,2.4067240451116825,0.1127131291215222,300
hiv_aids,3551702,1.36254000675588,1.774480448328943,0.3102456851280775,300
hiv_aids,3551801,0.90819394706161,2.021361626697123,0.009571767960556254,300
hiv_aids,3551900,0.7270458619396631,1.617496808665213,0.004682726865444686,300
hiv_aids,3552007,1.4756543794797254,5.28546300689284,-0.0399491294180212,300
hiv_aids,3552106,2.9870316036799736,3.988438182729626,-1.8971706584955306,300
hiv_aids,3552205,0.6551941664866577,0.9548394292921873,0.6236143621275752,300
hiv_aids,3552304,0.35524805689599703,1.5247729168222546,0.009891733198450048,300
hiv_aids,3552403,2.9216169617548022,3.510103687203686,-0.5759075576989778,300
hiv_aids,3552502,5.1013026350009865,23.17220550352454,0.021503501845239414,300
hiv_aids,3552551,0.7344658313110809,6.315859966747816,0.004603278061433236,300
hiv_aids,3552601,2.1806231589065996,3.663613469668092,0.07461772990645765,300
hiv_aids,3552700,0.26501606420987095,0.9574231136723783,5.011298392920693e-06,300
hiv_aids,3552809,0.6444117399580184,0.8589173293461062,-0.1060114314866003,300
hiv_aids,3552908,0.6562196853267004,2.607765775260708,0.049605789330977035,300
hiv_aids,3553005,1.630675158156143,2.84189364202437,0.09420279584638391,300
hiv_aids,3553104,0.6574626757826552,2.3427871302227348,0.008359745525244211,300
hiv_aids,3553203,0.8564347979872362,3.164563298277184,0.028896795119523477,300
hiv_aids,3553302,1.1394834216385281,1.7965119872421262,0.11157091196427604,300
hiv_aids,3553401,1.9317205563971303,2.544235357727508,-0.009277661965967576,300
hiv_aids,3553500,1.6716139837667152,2.597649078078999,-0.053458057024694305,300
hiv_aids,3553609,0.303888478316747,1.0852634597989013,0.0003462283336047589,300
hiv_aids,3553658,0.9317842573484946,5.197202757720648,0.053886072689879216,300
hiv_aids,3553708,2.0995894796378907,3.1345237697834403,0.0006742117684568338,300
hiv_aids,3553807,1.708348042355091,1.9361913732933689,-0.07379713232273444,300
hiv_aids,3553856,0.016728117874725758,0.10938765027083239,0.9922356469399911,300
hiv_aids,3553906,1.2316490001521723,3.2558730679448598,0.09210521014961137,300
hiv_aids,3553955,0.45680890431118504,1.7747407668732211,0.16417168746171584,300
hiv_aids,3554003,1.620648021617063,2.42109403246486,-0.7235902456668317,300
hiv_aids,3554102,3.1311970072787405,5.574527530312268,-0.12083381220524303,300
hiv_aids,3554201,0.9106072660779938,2.8073720291278343,0.2154858055496781,300
hiv_aids,3554300,0.7577930607423516,1.5961080406216064,0.012228742678576543,300
hiv_aids,3554409,0.4638136307133243,1.6406832235541866,0.004437147487133086,300
hiv_aids,3554508,1.303245210768252,1.4351662162236047,-0.5618553821932111,300
hiv_aids,3554607,1.2286303746728335,6.560564115568042,0.08600375976786534,300
hiv_aids,3554656,0.29198733827204787,2.4399207269135736,0.0070310444942894845,300
hiv_aids,3554706,1.5336680780006358,3.9870340367236747,-0.009435619928314987,300
hiv_aids,3554755,0.8410463425922569,5.225468429638482,8.649791126491557e-05,300
hiv_aids,3554805,1.0955925618157598,2.4438648446520794,-0.22518897884041644,300
hiv_aids,3554904,1.0674945155179727,3.9933151789024435,0.0956323436465999,300
hiv_aids,3554953,0.39639725883079824,1.6716203141224206,0.015317453524681612,300
hiv_aids,3555000,1.673227203176759,3.0806166179574346,-0.17793419877624106,300
hiv_aids,3555109,2.561138679855631,2.79320398511146,-0.06965954430167742,300
hiv_aids,3555208,1.6857271932326265,6.583503231515948,0.0031677817103252792,300
hiv_aids,3555307,3.749659351486464,8.995259630248244,0.46328621214625354,300
hiv_aids,3555356,1.9435210271464116,5.102681031323936,0.05343169170084627,300
hiv_aids,3555406,2.89842361169775,3.8112112965040947,-1.7852313516878175,300
hiv_aids,3555505,0.861308243579047,3.8949854163936233,0.11209382687773062,300
hiv_aids,3555604,2.5760440955350146,5.892915997439723,-0.13436012870756286,300
hiv_aids,3555703,6.696946462215632,15.881924395407834,0.07020872752313989,300
hiv_aids,3555802,0.8654102715678729,2.142558000735915,0.032107851470932536,300
hiv_aids,3555901,1.8434516222912787,8.722779030648894,0.0810315098586013,300
hiv_aids,3556008,2.2588929252149845,3.5177864521222464,-0.022765948320566887,300
hiv_aids,3556107,1.5337219244790306,2.900206545045146,0.054425795396364274,300
hiv_aids,3556206,0.969139993016392,1.3052483021643122,0.4949892601463515,300
hiv_aids,3556305,1.2942390711281868,2.450281277214324,0.04820548145861703,300
hiv_aids,3556354,0.29831884835618866,1.3209378170959154,0.0009765891400743687,300
hiv_aids,3556404,0.7535236977040262,1.134582655269365,0.03600028743836192,300
hiv_aids,3556453,0.39913248706148063,0.9263786762667817,-0.005816755346477631,300
hiv_aids,3556503,1.0031180326862772,1.2830230445524526,0.1377375148451695,300
hiv_aids,3556602,1.6076152185997032,2.6103864350577797,0.033901098714870126,300
hiv_aids,3556701,2.3901033054920346,3.060891472894514,-0.6431648129849481,300
hiv_aids,3556800,0.8411689866102066,1.5488957557905612,-0.022321285593525975,300
hiv_aids,3556909,0.6661245008234045,2.349312479192791,0.03985685212046208,300
hiv_aids,3556958,0.7851373478020722,4.766933810722869,0.005719343643694752,300
hiv_aids,3557006,0.8257451629347791,1.235875943954421,0.3335167196162251,300
hiv_aids,3557105,2.067399766455224,2.6245818794307745,0.1383051659959772,300
hiv_aids,3557154,2.488658937709613,7.507618507313728,0.0003197072106244647,300
hiv_aids,3557204,1.1467729723083573,1.9066125762676178,-0.015057117462300651,300
hiv_aids,3557303,0.0,0.0,1.0,300
